Timestamp,Program,Gender,Age,Height,Weight,PreviousSalary_Monthly,ExpectedSalary_Monthly,PrefOrgType,LivewithParents,FoodLodgeExp,ModeOfTransport,TransportCost,EntertainCost_Monthly,DomHand,CellCost_Monthly,Smoke,FootSize_Inches,AlcBev_Weekly,Tattoo,SleepHrs_PerNight,SocialNetworkHrs_Weekly,StudyHrs_Weekly,WorkingHrs_Weekly,TravelOutNA,PayforTuition,CupCoffee_Daily,Productivity_Score,Productivity_Percentage
2019/02/04 11:26:35 am GMT-8,HRMG,Female,22.0,177.8,110.0,1400.0,4000.0,3. Non-profit or Government Agency,No,700.0,1. Walk,0.0,100.0,0. Right-handed,68.0,No,11.12,0.0,Yes,8.0,10.0,10.0,0.0,Yes,No,0.0,20.0,16.67
2019/02/04 11:27:45 am GMT-8,HRMG,Female,24.0,175.0,63.0,2000.0,3750.0,2. Small Company,Yes,300.0,3. Drive,600.0,150.0,0. Right-handed,60.0,No,9.5,0.0,Yes,8.0,7.0,20.0,0.0,Yes,Yes,2.0,40.0,33.33
2019/02/04 11:27:46 am GMT-8,HRMG,Male,24.0,182.88,100.0,2000.0,3500.0,2. Small Company,Yes,200.0,3. Drive,100.0,150.0,1. Left-handed,82.0,No,10.5,1.0,No,6.0,20.0,20.0,8.0,Yes,No,0.0,48.0,40.0
2019/02/04 11:29:06 am GMT-8,HRMG,Female,34.0,54.0,61.3,2500.0,3500.0,1. Large Corporation,Yes,300.0,3. Drive,500.0,400.0,0. Right-handed,70.0,No,7.0,0.0,Yes,8.0,14.0,20.0,0.0,Yes,No,1.0,40.0,33.33
2019/02/04 11:29:12 am GMT-8,HRMG,Female,24.0,160.0,54.0,0.0,3800.0,2. Small Company,Yes,500.0,3. Drive,300.0,100.0,0. Right-handed,90.0,No,8.0,3.0,No,7.0,6.0,11.0,0.0,Yes,Yes,1.0,22.0,18.33
2019/02/04 11:29:30 am GMT-8,HRMG,Female,24.0,164.0,65.0,2500.0,5000.0,2. Small Company,Yes,500.0,2. Public Transport,40.0,150.0,0. Right-handed,55.0,No,9.25,0.0,No,7.0,20.0,25.0,0.0,Yes,Yes,0.0,50.0,41.67
2019/02/04 11:29:38 am GMT-8,HRMG,Female,27.0,153.0,55.0,2300.0,3000.0,2. Small Company,No,400.0,3. Drive,600.0,100.0,0. Right-handed,120.0,No,6.0,0.0,Yes,7.0,8.0,25.0,12.0,Yes,Yes,1.0,62.0,51.67
2019/02/04 11:34:05 am GMT-8,HRMG,Male,40.0,185.0,90.0,2000.0,4000.0,1. Large Corporation,No,3000.0,2. Public Transport,50.0,200.0,0. Right-handed,80.0,No,13.0,0.0,Yes,7.0,3.0,14.0,0.0,Yes,No,3.0,28.0,23.33
2019/02/04 11:35:08 am GMT-8,HRMG,Male,25.0,165.0,70.3,1300.0,1600.0,1. Large Corporation,Yes,300.0,3. Drive,50.0,100.0,0. Right-handed,45.0,No,8.5,0.0,No,7.0,4.0,12.0,3.5,Yes,Yes,0.25,27.5,22.92
2019/02/04 11:36:01 am GMT-8,HRMG,Female,25.0,163.0,52.0,38000.0,43000.0,1. Large Corporation,Yes,500.0,3. Drive,20.0,150.0,0. Right-handed,45.0,No,9.5,0.0,No,6.0,20.0,20.0,8.0,Yes,No,2.0,48.0,40.0
2019/02/04 11:40:00 am GMT-8,HRMG,Female,24.0,162.56,,1920.0,,3. Non-profit or Government Agency,Yes,400.0,3. Drive,300.0,100.0,0. Right-handed,50.0,Yes,9.75,2.0,Yes,6.0,19.0,30.0,20.0,Yes,No,1.0,80.0,66.67
2019/02/04 11:42:54 am GMT-8,HRMG,Female,22.0,155.45,50.0,1600.0,2500.0,1. Large Corporation,No,500.0,2. Public Transport,0.0,30.0,0. Right-handed,95.0,Yes,9.5,0.0,Yes,10.0,5.0,40.0,0.0,No,No,3.0,80.0,66.67
2019/02/04 11:44:47 am GMT-8,HRMG,Female,24.0,165.0,58.0,0.0,3000.0,1. Large Corporation,Yes,1000.0,3. Drive,150.0,60.0,0. Right-handed,0.0,No,14.0,0.0,No,7.0,25.0,40.0,8.0,Yes,No,1.0,88.0,73.33
2019/02/04 11:46:15 am GMT-8,HRMG,Male,23.0,179.0,86.0,2500.0,3200.0,2. Small Company,Yes,400.0,3. Drive,340.0,250.0,0. Right-handed,60.0,No,10.25,5.0,No,7.0,2.0,24.0,8.0,No,Yes,3.0,56.0,46.67
2019/02/04 11:49:00 am GMT-8,HRMG,Female,22.0,158.0,53.0,900.0,4000.0,4. Other,Yes,350.0,3. Drive,200.0,100.0,0. Right-handed,0.0,No,9.25,3.0,No,6.0,14.0,30.0,6.0,No,No,1.0,66.0,55.0
2019/02/04 11:49:12 am GMT-8,HRMG,Female,25.0,150.0,50.0,3500.0,4000.0,1. Large Corporation,Yes,500.0,2. Public Transport,100.0,140.0,0. Right-handed,53.76,Yes,9.0,3.0,Yes,5.0,5.0,30.0,0.0,Yes,Yes,0.0,60.0,50.0
2019/02/04 2:38:05 pm GMT-8,HRMG,Female,30.0,165.0,99.0,3000.0,5000.0,2. Small Company,No,800.0,3. Drive,200.0,200.0,0. Right-handed,120.0,No,10.2,2.0,Yes,6.0,15.0,40.0,12.0,Yes,Yes,2.0,92.0,76.67
2019/02/04 2:40:15 pm GMT-8,HRMG,Female,25.0,170.0,114.0,2600.0,4000.0,2. Small Company,No,1000.0,3. Drive,200.0,400.0,0. Right-handed,120.0,Yes,9.0,24.0,Yes,7.5,14.0,24.0,16.0,Yes,No,1.0,64.0,53.33
2019/02/04 2:41:51 pm GMT-8,HRMG,Male,32.0,176.0,170.0,0.0,3000.0,1. Large Corporation,Yes,800.0,2. Public Transport,0.0,10.0,0. Right-handed,60.0,No,11.0,1.0,No,5.0,3.0,5.0,14.0,Yes,No,2.0,24.0,20.0
2019/02/04 2:41:57 pm GMT-8,HRMG,Female,24.0,1.6,108.0,2800.0,4000.0,1. Large Corporation,No,1800.0,2. Public Transport,40.0,100.0,0. Right-handed,70.0,No,6.5,0.0,No,6.5,12.0,25.0,3.0,Yes,No,1.0,53.0,44.17
2019/02/04 2:44:01 pm GMT-8,HRMG,Female,22.0,170.18,506.0,0.0,0.0,1. Large Corporation,Yes,600.0,3. Drive,200.0,10.0,0. Right-handed,30.0,No,9.87525,1.0,Yes,6.0,10.0,8.0,0.0,No,No,5.0,16.0,13.33
2019/02/04 2:44:50 pm GMT-8,HRMG,Female,22.0,174.0,51.0,800.0,4000.0,1. Large Corporation,Yes,300.0,2. Public Transport,0.0,200.0,0. Right-handed,125.0,Yes,10.0,3.0,No,8.0,14.0,20.0,12.0,Yes,No,1.0,52.0,43.33
2019/02/04 2:45:51 pm GMT-8,HRMG,Female,23.0,163.0,49.0,1700.0,3000.0,3. Non-profit or Government Agency,Yes,200.0,3. Drive,120.0,100.0,0. Right-handed,65.0,No,9.0,0.0,Yes,6.0,2.0,10.0,4.0,Yes,No,1.0,24.0,20.0
2019/02/04 2:47:12 pm GMT-8,HRMG,Female,24.0,160.0,66.0,1600.0,3750.0,2. Small Company,Yes,400.0,3. Drive,440.0,100.0,0. Right-handed,100.0,No,9.5,0.0,Yes,6.5,3.0,12.0,0.0,Yes,No,2.0,24.0,20.0
2019/02/04 2:47:32 pm GMT-8,HRMG,Female,23.0,157.0,66.0,2000.0,3750.0,1. Large Corporation,Yes,400.0,4. Carpool,0.0,50.0,0. Right-handed,55.0,No,9.5,0.0,Yes,6.5,31.5,30.0,0.0,Yes,Yes,1.0,60.0,50.0
2019/02/04 2:49:25 pm GMT-8,HRMG,Male,29.0,170.0,81.0,2400.0,4000.0,2. Small Company,No,1000.0,2. Public Transport,40.0,100.0,0. Right-handed,95.0,No,10.56,4.0,No,7.0,1.5,40.0,10.0,Yes,Yes,1.0,90.0,75.0
2019/02/04 2:49:29 pm GMT-8,HRMG,Female,35.0,157.0,64.0,3900.0,4500.0,3. Non-profit or Government Agency,No,300.0,3. Drive,60.0,80.0,0. Right-handed,50.0,Yes,9.0,3.0,No,7.0,1.0,36.0,7.0,Yes,No,0.0,79.0,65.83
2019/02/04 2:58:02 pm GMT-8,HRMG,Male,26.0,170.0,155.0,1200.0,40000.0,2. Small Company,No,900.0,1. Walk,0.0,50.0,0. Right-handed,68.0,No,7.0,2.0,No,6.0,20.0,24.0,0.0,Yes,Yes,1.0,48.0,40.0
2019/02/05 6:58:22 pm GMT-8,BMGT,Female,21.0,1.68,58.0,0.0,4000.0,1. Large Corporation,Yes,2000.0,3. Drive,800.0,1000.0,1. Left-handed,65.0,No,5.0,,No,8.0,40.0,8.0,8.0,Yes,No,,24.0,20.0
2019/02/05 7:11:28 pm GMT-8,BMGT,Female,24.0,161.0,52.1,0.0,4000.0,1. Large Corporation,No,1000.0,3. Drive,300.0,500.0,0. Right-handed,60.0,No,9.06,0.0,No,8.0,14.0,7.0,20.0,Yes,Yes,0.0,34.0,28.33
2019/02/05 7:22:05 pm GMT-8,BMGT,Prefer not to say,22.0,165.0,109.0,0.0,2500.0,1. Large Corporation,No,1000.0,2. Public Transport,0.0,30.0,0. Right-handed,50.0,Yes,9.25,0.0,Yes,9.0,20.0,30.0,0.0,Yes,No,3.0,60.0,50.0
2019/02/06 3:29:26 pm GMT-8,BMGT,Female,23.0,168.0,53.0,0.0,0.0,2. Small Company,No,1000.0,2. Public Transport,50.0,300.0,0. Right-handed,80.0,No,7.0,0.0,No,8.0,20.0,8.0,0.0,Yes,No,0.0,16.0,13.33
2019/02/06 8:15:54 pm GMT-8,BMGT,Male,21.0,181.0,70.0,2100.0,6666.0,1. Large Corporation,No,2100.0,2. Public Transport,30.0,30.0,0. Right-handed,50.0,No,,1.0,No,8.0,2.0,40.0,20.0,Yes,No,1.0,100.0,83.33
2019/02/06 10:23:29 pm GMT-8,BMGT,Male,23.0,180.0,88.0,0.0,3000.0,2. Small Company,No,1500.0,2. Public Transport,0.0,200.0,1. Left-handed,70.0,No,10.0,0.0,Yes,7.0,40.0,25.0,0.0,No,Yes,0.0,50.0,41.67
2019/02/08 4:51:12 am GMT-8,BMGT,Female,35.0,160.0,50.0,3000.0,3000.0,3. Non-profit or Government Agency,No,1500.0,2. Public Transport,130.0,200.0,0. Right-handed,60.0,No,,,No,7.0,1.0,10.0,20.0,Yes,No,2.0,40.0,33.33
2019/02/08 8:17:24 am GMT-8,BMGT,Male,21.0,183.0,85.0,4400.0,6500.0,2. Small Company,Yes,500.0,3. Drive,500.0,500.0,0. Right-handed,120.0,No,12.0,10.0,Yes,7.0,1.0,30.0,30.0,Yes,Yes,2.0,90.0,75.0
2019/02/08 8:23:35 am GMT-8,BMGT,Male,30.0,178.0,75.0,3500.0,4500.0,1. Large Corporation,No,2000.0,3. Drive,250.0,80.0,0. Right-handed,77.0,No,10.0,3.0,No,7.0,1.0,15.0,0.0,Yes,Yes,2.0,30.0,25.0
2019/02/08 8:25:02 am GMT-8,BMGT,Gender Apathetic,23.0,195.0,110.0,5200.0,6000.0,4. Other,Yes,400.0,3. Drive,100.0,50.0,0. Right-handed,85.0,No,12.2,0.0,Yes,5.0,2.0,20.0,8.0,No,No,0.5,48.0,40.0
2019/02/08 8:36:24 am GMT-8,BMGT,Male,26.0,175.0,67.0,0.0,70000.0,4. Other,Yes,200.0,3. Drive,100.0,20.0,0. Right-handed,74.0,No,,0.0,No,7.0,1.0,35.0,0.0,Yes,No,1.0,70.0,58.33
2019/02/08 8:37:16 am GMT-8,BMGT,Male,23.0,71.0,111.0,3200.0,,1. Large Corporation,Yes,400.0,3. Drive,300.0,200.0,0. Right-handed,50.0,Yes,11.0,10.0,No,4.0,5.0,25.0,0.0,Yes,No,2.0,50.0,41.67
2019/02/08 8:38:08 am GMT-8,BMGT,Female,10.0,,61.0,2400.0,5000.0,2. Small Company,No,0.0,5. Other,450.0,0.0,0. Right-handed,0.0,No,4.0,0.0,No,7.0,10.0,5.0,0.0,No,No,0.0,10.0,8.33
2019/02/08 8:45:15 am GMT-8,BMGT,Female,20.0,165.0,54.0,2500.0,4.0,1. Large Corporation,Yes,400.0,2. Public Transport,40.0,150.0,0. Right-handed,50.0,No,,0.0,No,5.0,35.0,15.0,16.0,Yes,Yes,1.0,46.0,38.33
2019/02/08 9:14:58 am GMT-8,BMGT,Male,20.0,180.0,75.0,3800.0,5000.0,1. Large Corporation,Yes,350.0,3. Drive,120.0,350.0,0. Right-handed,105.0,No,,0.0,No,5.0,6.0,28.0,24.0,Yes,No,0.5,80.0,66.67
2019/02/08 10:10:53 am GMT-8,BMGT,Female,20.0,154.0,120.0,0.0,50000.0,1. Large Corporation,Yes,50.0,2. Public Transport,50.0,20.0,0. Right-handed,50.0,No,9.0,0.0,No,7.0,15.0,10.0,0.0,Yes,No,1.0,20.0,16.67
2019/02/08 10:18:10 am GMT-8,BMGT,Male,19.0,175.0,63.0,0.0,50000.0,1. Large Corporation,Yes,100.0,2. Public Transport,50.0,50.0,0. Right-handed,100.0,No,10.0,0.0,No,8.0,10.0,5.0,0.0,Yes,No,0.0,10.0,8.33
2019/02/08 10:30:28 am GMT-8,BMGT,Female,23.0,175.0,70.0,3300.0,4000.0,1. Large Corporation,Yes,1500.0,3. Drive,50.0,20.0,0. Right-handed,40.0,No,10.4,0.0,No,7.0,5.0,15.0,0.0,Yes,No,0.0,30.0,25.0
2019/02/08 10:33:40 am GMT-8,BMGT,Male,22.0,178.0,77.0,300.0,5000.0,1. Large Corporation,No,2000.0,2. Public Transport,50.0,50.0,2. Ambidextrous,50.0,No,25.0,0.0,No,8.0,30.0,4.0,8.0,Yes,No,1.0,16.0,13.33
2019/02/08 10:34:23 am GMT-8,BMGT,Male,29.0,185.0,98.0,0.0,60000.0,2. Small Company,No,2200.0,3. Drive,150.0,130.0,0. Right-handed,70.0,No,,0.0,No,6.0,6.0,5.0,10.0,Yes,Yes,1.0,20.0,16.67
2019/02/08 10:37:20 am GMT-8,BMGT,Male,23.0,176.0,83.0,2500.0,5000.0,3. Non-profit or Government Agency,No,2000.0,3. Drive,1000.0,200.0,2. Ambidextrous,120.0,Yes,10.5,0.0,No,5.0,12.0,30.0,8.0,Yes,No,2.0,68.0,56.67
2019/02/08 10:38:29 am GMT-8,BMGT,Female,30.0,158.0,56.0,2600.0,3200.0,2. Small Company,Yes,2000.0,2. Public Transport,40.0,600.0,0. Right-handed,,No,14.0,4.0,Yes,6.5,10.0,14.0,3.0,Yes,Yes,0.0,31.0,25.83
2019/02/08 10:40:15 am GMT-8,BMGT,non binary,19.0,175.0,75.0,2500.0,6000.0,1. Large Corporation,Yes,500.0,2. Public Transport,40.0,100.0,0. Right-handed,100.0,No,10.6,2.0,Yes,5.0,3.0,1.0,60.0,Yes,Yes,,62.0,51.67
2019/02/08 10:40:39 am GMT-8,BMGT,Female,24.0,165.0,52.0,3750.0,5000.0,1. Large Corporation,Yes,200.0,3. Drive,680.0,210.0,0. Right-handed,85.0,No,10.25,0.0,No,8.0,3.0,25.0,0.0,Yes,No,0.0,50.0,41.67
2019/02/08 10:42:24 am GMT-8,BMGT,Male,46.0,1.78,90.0,10700.0,5000.0,1. Large Corporation,No,3500.0,2. Public Transport,0.0,500.0,0. Right-handed,320.0,Yes,10.2,3.0,No,7.0,0.0,10.0,0.0,Yes,Yes,3.0,20.0,16.67
2019/02/08 10:42:25 am GMT-8,BMGT,Female,28.0,158.0,57.0,2800.0,4000.0,1. Large Corporation,Yes,500.0,2. Public Transport,0.0,100.0,0. Right-handed,75.0,No,9.0,1.0,No,7.0,4.0,25.0,0.0,Yes,Yes,1.0,50.0,41.67
2019/02/08 10:45:55 am GMT-8,BMGT,Male,20.0,182.0,80.0,0.0,3750.0,2. Small Company,Yes,300.0,3. Drive,100.0,100.0,0. Right-handed,50.0,No,10.35,8.0,No,6.0,12.0,15.0,0.0,Yes,No,2.0,30.0,25.0
2019/02/08 10:48:56 am GMT-8,BMGT,Male,24.0,180.0,81.0,2560.0,3520.0,2. Small Company,No,900.0,2. Public Transport,80.0,400.0,0. Right-handed,80.0,No,10.5,15.0,Yes,5.5,,12.0,10.0,Yes,No,,34.0,28.33
2019/02/08 10:51:40 am GMT-8,BMGT,Male,26.0,190.0,77.0,3000.0,6200.0,1. Large Corporation,Yes,450.0,3. Drive,160.0,40.0,0. Right-handed,60.0,Yes,11.25,8.0,No,6.0,2.0,7.0,6.5,Yes,Yes,4.0,20.5,17.08
2019/02/08 10:54:38 am GMT-8,BMGT,Male,19.0,188.0,69.0,2000.0,3500.0,2. Small Company,Yes,0.0,3. Drive,150.0,150.0,0. Right-handed,55.0,No,10.6,4.0,No,7.0,10.0,20.0,5.0,Yes,No,1.0,45.0,37.5
2019/02/11 11:36:09 am GMT-8,HRMG,Female,27.0,175.0,74.0,3600.0,4500.0,4. Other,No,,5. Other,10.0,10.0,0. Right-handed,85.0,No,,6.0,No,8.0,3.0,6.0,0.0,Yes,No,2.0,12.0,10.0
2019/02/14 8:22:04 pm GMT-8,BMGT,Female,24.0,162.0,99.0,0.0,5000.0,1. Large Corporation,No,12000.0,3. Drive,500.0,3000.0,0. Right-handed,140.0,Yes,40.0,0.0,No,7.0,3.0,5.0,0.0,Yes,No,0.0,10.0,8.33
2019/02/22 9:07:22 am GMT-8,BMGT,Male,20.0,180.0,70.0,2500.0,4500.0,3. Non-profit or Government Agency,Yes,0.0,3. Drive,100.0,100.0,0. Right-handed,80.0,No,10.5,1.0,No,7.0,4.0,12.0,0.0,Yes,No,1.0,24.0,20.0
2019/09/09 5:01:07 pm GMT-7,BABI,Female,33.0,167.0,70.0,4000.0,4000.0,1. Large Corporation,No,2500.0,2. Public Transport,70.0,250.0,0. Right-handed,120.0,Yes,9.68,0.0,No,7.0,1.0,0.0,40.0,No,Yes,0.0,40.0,33.33
2019/09/09 7:14:35 pm GMT-7,BABI,Female,26.0,160.0,50.0,5200.0,,1. Large Corporation,Yes,1000.0,2. Public Transport,100.0,500.0,0. Right-handed,100.0,No,,20.0,No,7.0,15.0,2.0,40.0,Yes,No,0.0,44.0,36.67
2019/09/09 7:14:53 pm GMT-7,BABI,Male,29.0,180.0,65.0,4500.0,7000.0,1. Large Corporation,Yes,1000.0,3. Drive,1000.0,500.0,0. Right-handed,50.0,No,10.0,0.0,No,7.0,5.0,10.0,40.0,Yes,Yes,3.0,60.0,50.0
2019/09/09 7:15:34 pm GMT-7,BABI,Male,22.0,175.0,59.0,2600.0,3000.0,1. Large Corporation,Yes,150.0,3. Drive,10.0,300.0,0. Right-handed,40.0,No,,3.0,No,8.0,21.0,2.0,40.0,Yes,No,3.0,44.0,36.67
2019/09/09 7:15:42 pm GMT-7,BABI,Female,27.0,166.0,70.0,1600.0,2300.0,3. Non-profit or Government Agency,Yes,200.0,2. Public Transport,60.0,70.0,0. Right-handed,45.0,No,11.0,0.0,No,7.0,10.0,0.0,40.0,Yes,No,3.0,40.0,33.33
2019/09/09 7:15:58 pm GMT-7,BABI,Female,25.0,165.0,60.0,5000.0,5500.0,2. Small Company,No,2000.0,1. Walk,0.0,100.0,0. Right-handed,50.0,No,914.0,2.0,Yes,8.0,5.0,0.0,40.0,Yes,No,4.0,40.0,33.33
2019/09/09 7:16:01 pm GMT-7,BABI,Male,27.0,180.0,70.0,0.0,5000.0,2. Small Company,No,,1. Walk,0.0,1000.0,0. Right-handed,90.0,No,,10.0,No,7.0,1.0,10.0,40.0,Yes,Yes,0.0,60.0,50.0
2019/09/09 7:16:04 pm GMT-7,BABI,Male,24.0,175.0,108.0,52000.0,4500.0,3. Non-profit or Government Agency,Yes,400.0,2. Public Transport,30.0,50.0,0. Right-handed,55.0,No,10316.0,0.0,No,5.0,50.0,0.0,35.0,Yes,Yes,100.0,35.0,29.17
2019/09/09 7:16:10 pm GMT-7,BABI,Male,34.0,191.0,113.0,8000.0,8000.0,1. Large Corporation,Yes,600.0,3. Drive,50.0,200.0,0. Right-handed,70.0,No,34.5,0.0,No,8.0,1.0,5.0,37.5,Yes,Yes,1.0,47.5,39.58
2019/09/09 7:16:23 pm GMT-7,BABI,Female,26.0,171.0,60.0,5000.0,6000.0,1. Large Corporation,No,500.0,2. Public Transport,140.0,500.0,0. Right-handed,70.0,No,9.6,10.0,No,7.0,5.0,5.0,5.0,Yes,Yes,1.0,15.0,12.5
2019/09/09 7:17:03 pm GMT-7,BABI,Male,28.0,178.0,86.0,4000.0,5000.0,2. Small Company,No,1200.0,2. Public Transport,40.0,300.0,0. Right-handed,50.0,No,13.0,5.0,No,7.0,7.0,10.0,40.0,Yes,Yes,2.0,60.0,50.0
2019/09/09 7:17:05 pm GMT-7,BABI,Male,40.0,150.0,70.0,4000.0,8000.0,2. Small Company,No,1800.0,2. Public Transport,100.0,10.0,2. Ambidextrous,40.0,Yes,10.0,2.0,Yes,8.0,2.0,0.0,30.0,Yes,Yes,1.0,30.0,25.0
2019/09/09 7:17:22 pm GMT-7,BABI,Male,32.0,180.0,86.0,2800.0,5500.0,2. Small Company,No,775.0,2. Public Transport,,30.0,0. Right-handed,65.0,No,11.0,16.0,Yes,7.0,2.0,0.0,14.0,No,Yes,1.0,14.0,11.67
2019/09/09 7:17:41 pm GMT-7,BABI,Male,24.0,168.0,72.0,4400.0,6000.0,2. Small Company,No,1800.0,2. Public Transport,140.0,600.0,0. Right-handed,64.0,No,10.43,12.0,No,8.0,14.0,14.0,40.0,Yes,No,1.5,68.0,56.67
2019/09/09 7:17:48 pm GMT-7,BABI,Female,35.0,164.0,64.0,60000.0,4000.0,3. Non-profit or Government Agency,No,4000.0,3. Drive,65.0,500.0,0. Right-handed,72.0,No,9.6,,No,7.0,2.0,0.0,35.0,Yes,Yes,0.5,35.0,29.17
2019/09/09 7:17:55 pm GMT-7,BABI,Female,26.0,164.0,64.0,3300.0,4000.0,2. Small Company,No,1600.0,2. Public Transport,200.0,400.0,0. Right-handed,60.0,No,9.0,10.0,Yes,6.0,8.0,4.0,37.5,No,Yes,2.0,45.5,37.92
2019/09/09 7:18:59 pm GMT-7,BABI,Male,42.0,178.0,68.0,8000.0,10000.0,3. Non-profit or Government Agency,No,7000.0,3. Drive,50.0,200.0,0. Right-handed,50.0,No,9.0,0.0,No,7.0,2.0,2.0,40.0,Yes,Yes,2.0,44.0,36.67
2019/09/09 9:01:44 pm GMT-7,BABI,Female,27.0,155.0,46.0,3038.0,5000.0,1. Large Corporation,No,2500.0,3. Drive,200.0,200.0,0. Right-handed,75.0,No,8.75,1.0,No,8.0,10.0,8.0,40.0,Yes,No,1.0,56.0,46.67
2020/08/30 3:50:44 pm GMT-7,BABI,Prefer not to say,90.0,180.0,70.0,6000.0,7000.0,3. Non-profit or Government Agency,No,1500.0,5. Other,0.0,500.0,0. Right-handed,30.0,No,10.0,4.0,No,7.5,7.0,10.0,32.0,Yes,No,2.0,52.0,43.33
2020/09/03 9:52:30 pm GMT-7,BABI,Female,24.0,150.0,45.0,3000.0,4000.0,1. Large Corporation,Yes,2000.0,3. Drive,250.0,500.0,0. Right-handed,75.0,No,8.7,0.0,No,7.0,10.0,20.0,40.0,Yes,Yes,1.0,80.0,66.67
2020/09/05 11:38:19 am GMT-7,BABI,Female,30.0,165.0,60.0,2000.0,4000.0,3. Non-profit or Government Agency,No,500.0,1. Walk,20.0,100.0,0. Right-handed,70.0,No,,0.0,No,8.0,1.0,10.0,40.0,Yes,Yes,1.0,60.0,50.0
2020/09/11 11:58:11 am GMT-7,BABI,Male,25.0,181.0,70.0,3200.0,4000.0,2. Small Company,No,1850.0,5. Other,80.0,60.0,0. Right-handed,60.0,Yes,9.0,1.0,No,7.0,8.0,7.0,32.0,Yes,No,2.0,46.0,38.33
2020/09/12 4:04:48 am GMT-7,BABI,Male,23.0,185.0,90.0,0.0,5000.0,3. Non-profit or Government Agency,Yes,200.0,2. Public Transport,40.0,50.0,0. Right-handed,40.0,No,13.0,0.0,Yes,12.0,10.0,0.0,20.0,Yes,No,0.0,20.0,16.67
2020/09/13 9:07:54 pm GMT-7,BABI,Female,25.0,161.0,64.0,2900.0,5400.0,1. Large Corporation,Yes,900.0,2. Public Transport,150.0,10.0,0. Right-handed,50.0,No,9.3,0.0,No,8.0,10.5,35.0,0.0,Yes,Yes,0.0,70.0,58.33
2020/09/14 12:32:14 pm GMT-7,BABI,Male,23.0,195.0,150.0,0.0,3500.0,2. Small Company,No,1800.0,5. Other,0.0,40.0,0. Right-handed,75.0,No,12.2,2.0,No,8.0,1.0,3.0,0.0,Yes,Yes,0.0,6.0,5.0
2020/09/14 8:22:31 pm GMT-7,BABI,Male,25.0,178.0,80.0,0.0,4000.0,2. Small Company,No,900.0,2. Public Transport,145.0,20.0,1. Left-handed,80.0,No,10.0,2.0,No,7.0,10.0,20.0,40.0,Yes,Yes,2.0,80.0,66.67
2020/09/14 8:23:18 pm GMT-7,BABI,Male,24.0,170.0,83.0,2316.0,5000.0,2. Small Company,Yes,300.0,3. Drive,50.0,200.0,0. Right-handed,250.0,No,10.0,0.0,Yes,5.0,8.0,40.0,40.0,Yes,Yes,3.0,120.0,100.0
2020/09/14 8:25:19 pm GMT-7,BABI,Female,40.0,165.0,62.0,4000.0,6000.0,1. Large Corporation,No,1500.0,2. Public Transport,90.0,500.0,0. Right-handed,75.0,Yes,9.0,4.0,Yes,7.0,15.0,0.0,35.0,Yes,Yes,1.0,35.0,29.17
2020/09/14 8:26:52 pm GMT-7,BMGT,Male,25.0,175.0,80.0,2500.0,4000.0,2. Small Company,No,300.0,3. Drive,250.0,100.0,0. Right-handed,50.0,No,12.5,8.0,No,7.0,8.0,8.0,40.0,Yes,Yes,4.0,56.0,46.67
2020/09/14 8:27:02 pm GMT-7,BABI,Male,24.0,187.0,195.0,0.0,0.0,1. Large Corporation,Yes,85.0,3. Drive,20.0,40.0,0. Right-handed,75.0,No,10.0,0.0,No,8.0,4.0,2.0,5.0,Yes,Yes,1.0,9.0,7.5
2020/09/14 8:27:31 pm GMT-7,BABI,Female,30.0,160.0,52.0,3500.0,5000.0,2. Small Company,Yes,300.0,2. Public Transport,150.0,50.0,0. Right-handed,50.0,No,9.0,0.0,No,7.0,7.0,8.0,40.0,Yes,Yes,1.0,56.0,46.67
2020/09/14 8:28:16 pm GMT-7,BABI,Male,26.0,183.0,86.0,3600.0,4000.0,1. Large Corporation,No,2000.0,5. Other,0.0,200.0,0. Right-handed,60.0,No,8.0,0.0,No,8.0,15.0,35.0,40.0,Yes,Yes,1.0,110.0,91.67
2020/09/14 8:28:48 pm GMT-7,BABI,Male,28.0,170.0,77.0,4200.0,4200.0,4. Other,No,2400.0,2. Public Transport,40.0,200.0,0. Right-handed,60.0,No,10.0,7.0,Yes,8.0,2.0,0.0,8.0,Yes,No,5.0,8.0,6.67
2020/09/14 8:30:07 pm GMT-7,BABI,Male,27.0,180.0,77.0,3750.0,4500.0,1. Large Corporation,No,2700.0,3. Drive,40.0,40.0,0. Right-handed,60.0,Yes,9.0,0.0,No,7.5,8.0,12.0,40.0,Yes,Yes,1.0,64.0,53.33
2020/09/14 8:31:26 pm GMT-7,BABI,Female,30.0,180.0,62.0,4500.0,5500.0,1. Large Corporation,No,2000.0,3. Drive,125.0,200.0,0. Right-handed,100.0,No,8.0,0.0,No,8.0,4.0,5.0,40.0,Yes,Yes,0.0,50.0,41.67
2020/09/14 8:31:47 pm GMT-7,BABI,Female,31.0,162.0,55.0,4000.0,5000.0,1. Large Corporation,No,1500.0,3. Drive,10.0,300.0,0. Right-handed,43.0,No,9.625,1.0,No,8.0,8.0,10.0,40.0,Yes,Yes,1.0,60.0,50.0
2020/09/14 8:32:14 pm GMT-7,BABI,Male,25.0,178.0,73.0,4000.0,5800.0,1. Large Corporation,Yes,400.0,3. Drive,450.0,50.0,0. Right-handed,80.0,No,10.0,4.0,No,6.0,15.0,0.0,40.0,Yes,Yes,1.0,40.0,33.33
2020/09/14 8:35:40 pm GMT-7,BABI,Male,27.0,179.0,70.0,0.0,4000.0,1. Large Corporation,Yes,1500.0,5. Other,0.0,300.0,0. Right-handed,60.0,No,,10.0,No,7.5,0.0,4.0,12.0,Yes,No,0.0,20.0,16.67
2020/09/14 8:39:29 pm GMT-7,BABI,Female,33.0,164.0,54.0,3833.0,,1. Large Corporation,No,2000.0,2. Public Transport,30.0,100.0,0. Right-handed,60.0,No,8.0,0.0,No,8.0,10.0,10.0,40.0,No,Yes,1.0,60.0,50.0
2020/09/14 9:06:18 pm GMT-7,BMGT,Male,29.0,178.0,75.0,0.0,10000.0,1. Large Corporation,Yes,1800.0,3. Drive,100.0,350.0,0. Right-handed,60.0,No,9.0,1.0,No,6.5,40.0,40.0,40.0,Yes,Yes,0.0,120.0,100.0
2020/09/15 11:40:49 am GMT-7,BABI,Female,41.0,166.0,78.0,4234.0,6500.0,3. Non-profit or Government Agency,No,1805.0,2. Public Transport,134.0,55.0,0. Right-handed,95.0,Yes,9.8,3.0,No,7.0,0.0,6.0,35.5,Yes,No,1.0,47.5,39.58
2020/09/16 7:02:41 pm GMT-7,BABI,Male,29.0,165.0,54.0,1800.0,3800.0,2. Small Company,Yes,500.0,2. Public Transport,100.0,60.0,0. Right-handed,33.0,No,10.0,0.0,No,7.0,8.0,8.0,32.0,No,Yes,1.0,48.0,40.0
2020/09/19 9:04:56 pm GMT-7,BABI,Female,35.0,158.0,65.0,2000.0,5000.0,1. Large Corporation,No,2300.0,2. Public Transport,90.0,200.0,0. Right-handed,45.0,No,6.5,1.0,No,68.0,2.0,5.0,24.0,Yes,No,0.0,34.0,28.33
2020/09/22 1:24:16 pm GMT-7,BABI,Female,33.0,164.0,54.0,4042.0,4041.0,2. Small Company,No,1000.0,3. Drive,100.0,300.0,0. Right-handed,65.0,No,7.5,0.0,No,7.0,10.0,10.0,40.0,Yes,Yes,1.0,60.0,50.0
2020/09/22 7:29:14 pm GMT-7,BABI,Male,25.0,180.0,79.0,3900.0,4500.0,1. Large Corporation,No,1600.0,3. Drive,80.0,600.0,0. Right-handed,95.0,No,10.0,8.0,No,6.75,5.0,12.0,45.0,Yes,Yes,2.0,69.0,57.5
2020/09/23 9:31:22 pm GMT-7,BMGT,Male,24.0,170.0,73.0,2316.0,5000.0,2. Small Company,Yes,300.0,3. Drive,200.0,300.0,0. Right-handed,244.0,No,10.0,0.0,Yes,5.0,1.0,40.0,40.0,Yes,Yes,4.0,120.0,100.0
2020/09/28 10:46:56 am GMT-7,BABI,Male,40.0,183.0,86.0,6000.0,6500.0,1. Large Corporation,No,3500.0,3. Drive,200.0,300.0,0. Right-handed,75.0,No,10.0,0.0,No,6.0,1.0,25.0,20.0,Yes,Yes,1.0,70.0,58.33
2021/09/07 7:48:18 pm GMT-7,BABI,Male,22.0,178.0,75.0,5500.0,7000.0,1. Large Corporation,No,2000.0,2. Public Transport,0.0,400.0,0. Right-handed,67.0,No,10.0,1.0,No,7.5,8.0,3.0,40.0,No,Yes,2.0,46.0,38.33
2021/09/08 8:55:52 pm GMT-7,BABI,Male,26.0,181.0,96.0,4800.0,5500.0,3. Non-profit or Government Agency,Yes,200.0,3. Drive,200.0,50.0,1. Left-handed,55.0,No,11.0,5.0,Yes,7.0,9.0,5.0,37.5,Yes,Yes,1.5,47.5,39.58
2021/09/09 3:31:49 pm GMT-7,BABI,Female,34.0,150.0,64.0,0.0,3000.0,2. Small Company,No,2500.0,2. Public Transport,175.0,60.0,0. Right-handed,50.0,No,512.0,0.0,No,8.0,10.0,3.0,0.0,Yes,No,1.0,6.0,5.0
2021/09/09 6:30:34 pm GMT-7,BABI,Male,24.0,172.0,165.0,4300.0,6000.0,1. Large Corporation,Yes,1400.0,3. Drive,50.0,20.0,0. Right-handed,30.0,No,10.0,1.0,No,6.0,8.0,6.0,45.0,Yes,Yes,1.0,57.0,47.5
2021/09/09 6:36:23 pm GMT-7,BABI,Male,28.0,175.0,148.0,0.0,8000.0,3. Non-profit or Government Agency,Yes,,2. Public Transport,0.0,0.0,0. Right-handed,100.0,No,,0.0,No,7.0,10.0,12.0,0.0,Yes,No,2.0,24.0,20.0
2021/09/09 7:55:05 pm GMT-7,BABI,Male,27.0,181.0,80.0,5000.0,7000.0,2. Small Company,No,2500.0,2. Public Transport,35.0,25.0,0. Right-handed,110.0,No,11.0,3.0,No,9.0,10.0,5.0,37.0,Yes,Yes,0.0,47.0,39.17
2021/09/11 12:23:18 pm GMT-7,BABI,Male,28.0,168.0,67.0,0.0,6666.0,1. Large Corporation,No,2500.0,3. Drive,100.0,10.0,2. Ambidextrous,60.0,No,9.5,2.0,No,6.0,6.0,4.0,45.0,Yes,Yes,2.0,53.0,44.17
2021/09/11 7:33:08 pm GMT-7,BABI,Female,34.0,152.0,47.0,4600.0,5400.0,3. Non-profit or Government Agency,Yes,400.0,2. Public Transport,20.0,20.0,0. Right-handed,50.0,No,8.75,0.0,No,6.0,0.5,25.0,40.0,Yes,Yes,1.0,90.0,75.0
2021/09/13 2:42:47 pm GMT-7,BABI,Female,29.0,163.0,50.0,3500.0,4000.0,1. Large Corporation,No,2000.0,3. Drive,70.0,400.0,0. Right-handed,35.0,No,8.75,,No,8.0,5.0,8.0,40.0,Yes,Yes,1.0,56.0,46.67
2021/09/14 6:52:17 am GMT-7,BABI,Female,27.0,170.0,65.0,4300.0,5300.0,2. Small Company,No,1200.0,2. Public Transport,20.0,200.0,0. Right-handed,60.0,No,10.0,2.0,Yes,7.0,7.0,3.0,40.0,Yes,No,2.0,46.0,38.33
2021/09/14 10:06:57 am GMT-7,BABI,Female,36.0,167.0,57.0,7000.0,10000.0,1. Large Corporation,No,3000.0,3. Drive,100.0,200.0,0. Right-handed,90.0,No,9.0,3.0,No,7.5,15.0,10.0,40.0,Yes,Yes,1.0,60.0,50.0
2021/09/14 4:54:38 pm GMT-7,BABI,Female,32.0,180.0,54.0,3400.0,4000.0,3. Non-profit or Government Agency,No,,3. Drive,60.0,40.0,0. Right-handed,75.0,Yes,6.0,5.0,Yes,7.0,1.0,8.0,35.0,Yes,No,1.0,51.0,42.5
2021/09/14 9:15:48 pm GMT-7,BABI,Female,23.0,165.0,50.0,1000.0,5000.0,4. Other,No,500.0,1. Walk,20.0,50.0,0. Right-handed,50.0,No,5.0,1.0,No,9.0,20.0,5.0,40.0,Yes,No,1.0,50.0,41.67
2021/09/16 1:54:34 am GMT-7,BABI,Male,25.0,173.0,66.0,4600.0,6600.0,1. Large Corporation,No,1300.0,3. Drive,70.0,150.0,0. Right-handed,45.0,No,8.5,0.0,No,8.0,3.0,20.0,40.0,Yes,Yes,1.0,80.0,66.67
2021/09/16 4:31:13 pm GMT-7,BABI,Male,22.0,182.0,75.0,9800.0,9800.0,2. Small Company,No,4000.0,3. Drive,200.0,500.0,0. Right-handed,102.0,No,10.3,3.0,No,7.0,20.0,4.0,54.0,Yes,Yes,3.0,62.0,51.67
2021/09/16 5:36:50 pm GMT-7,BABI,Male,31.0,195.58,113.4,5000.0,6500.0,1. Large Corporation,No,2500.0,2. Public Transport,22.0,100.0,0. Right-handed,90.0,No,14.0,3.0,No,7.0,21.0,14.0,40.0,Yes,Yes,1.0,68.0,56.67
2021/09/16 7:55:58 pm GMT-7,BABI,Female,30.0,163.0,61.0,2800.0,5000.0,1. Large Corporation,No,1000.0,2. Public Transport,30.0,200.0,0. Right-handed,51.0,No,9.5,0.0,Yes,7.0,8.0,15.0,40.0,Yes,Yes,1.0,70.0,58.33
2022/01/09 10:12:56 pm GMT-8,ITMG,Prefer not to say,36.0,,,4500.0,5800.0,3. Non-profit or Government Agency,No,3000.0,5. Other,50.0,,0. Right-handed,55.0,No,,7.0,No,8.0,15.0,14.0,5.0,Yes,Yes,2.0,33.0,27.5
2022/01/17 9:14:32 pm GMT-8,ITMG,Male,21.0,188.0,100.0,2200.0,4000.0,1. Large Corporation,Yes,800.0,3. Drive,150.0,200.0,0. Right-handed,80.0,No,11.0,2.0,Yes,8.0,6.0,20.0,20.0,Yes,No,0.0,60.0,50.0
2022/08/31 10:58:48 pm GMT-7,BABI,Female,25.0,166.0,65.0,2400.0,4000.0,1. Large Corporation,No,2000.0,2. Public Transport,30.0,100.0,0. Right-handed,75.0,No,9.0,0.0,No,7.0,7.0,7.0,37.5,Yes,Yes,1.0,51.5,42.92
2022/09/06 1:06:05 pm GMT-7,BABI,Male,26.0,220.0,75.0,3300.0,5000.0,1. Large Corporation,No,800.0,3. Drive,100.0,100.0,0. Right-handed,45.0,No,8.0,0.0,No,7.0,30.0,28.0,16.0,Yes,No,1.0,72.0,60.0
2022/09/07 1:31:18 pm GMT-7,BABI,Male,43.0,175.0,78.0,,,4. Other,No,2000.0,3. Drive,100.0,400.0,0. Right-handed,63.0,No,9.5,3.0,No,8.0,2.0,4.0,45.0,Yes,Yes,,53.0,44.17
2022/09/07 6:13:32 pm GMT-7,BABI,Male,28.0,180.0,180.0,4000.0,5000.0,1. Large Corporation,Yes,800.0,2. Public Transport,50.0,60.0,0. Right-handed,90.0,No,10.0,0.0,No,6.0,0.5,6.0,40.0,Yes,Yes,0.0,52.0,43.33
2022/09/08 12:41:04 pm GMT-7,BABI,Male,47.0,178.0,75.0,5000.0,7000.0,3. Non-profit or Government Agency,No,4000.0,3. Drive,100.0,200.0,0. Right-handed,45.0,No,10.0,2.0,No,6.0,1.0,10.0,40.0,Yes,Yes,2.0,60.0,50.0
2022/09/08 1:57:13 pm GMT-7,BABI,Male,30.0,170.0,64.0,3000.0,4000.0,2. Small Company,No,1000.0,2. Public Transport,50.0,500.0,0. Right-handed,50.0,No,9.0,0.0,No,5.0,35.0,35.0,37.5,Yes,Yes,0.0,107.5,89.58
2022/09/08 7:33:55 pm GMT-7,BABI,Female,29.0,170.0,58.0,3400.0,4000.0,1. Large Corporation,No,3000.0,2. Public Transport,50.0,100.0,0. Right-handed,100.0,No,10.0,8.0,Yes,7.0,8.0,20.0,10.0,Yes,No,2.0,50.0,41.67
2022/09/08 10:53:12 pm GMT-7,BABI,Female,30.0,157.0,68.0,1400.0,3000.0,1. Large Corporation,No,400.0,2. Public Transport,16.0,20.0,0. Right-handed,64.0,No,9.6,2.0,No,8.0,2.0,1.0,0.0,Yes,No,2.0,2.0,1.67
2022/09/09 9:39:32 am GMT-7,BABI,Female,37.0,172.72,56.36,4000.0,5000.0,1. Large Corporation,No,4000.0,2. Public Transport,50.0,20.0,0. Right-handed,55.0,No,9.25,3.0,No,6.0,3.0,3.0,40.0,Yes,Yes,1.0,46.0,38.33
2022/09/09 11:05:11 am GMT-7,BABI,Female,33.0,147.0,43.0,57794320.0,8000.0,1. Large Corporation,No,2000.0,2. Public Transport,,300.0,1. Left-handed,55.0,No,9.0,2.0,Yes,7.0,10.0,5.0,40.0,Yes,No,1.0,50.0,41.67
2022/09/09 4:19:38 pm GMT-7,BABI,Female,38.0,157.0,44.0,6000.0,7000.0,3. Non-profit or Government Agency,No,2500.0,2. Public Transport,100.0,200.0,0. Right-handed,65.0,No,,0.0,No,6.0,7.0,10.0,40.0,Yes,Yes,2.0,60.0,50.0
2022/09/10 4:58:17 pm GMT-7,BABI,Male,25.0,175.0,77.0,5833.0,8600.0,2. Small Company,No,2700.0,2. Public Transport,15.0,200.0,0. Right-handed,47.0,No,10.5,2.0,Yes,7.0,7.0,10.0,50.0,Yes,Yes,1.0,70.0,58.33
2022/09/10 11:59:29 pm GMT-7,BABI,Female,26.0,162.0,68.0,1200.0,3750.0,2. Small Company,Yes,0.0,3. Drive,50.0,30.0,0. Right-handed,82.0,No,9.5,0.0,No,6.0,49.0,30.0,20.0,Yes,No,0.0,80.0,66.67
2022/09/11 6:29:33 pm GMT-7,BABI,Male,25.0,164.0,47.0,0.0,5500.0,2. Small Company,Yes,150.0,2. Public Transport,50.0,100.0,0. Right-handed,35.0,No,9.4,0.0,No,7.0,10.0,5.0,28.0,Yes,No,0.0,38.0,31.67
2022/09/11 7:56:29 pm GMT-7,BABI,Female,26.0,163.0,68.0,4300.0,5000.0,3. Non-profit or Government Agency,No,2400.0,2. Public Transport,30.0,150.0,1. Left-handed,62.0,No,9.0,1.0,Yes,7.0,4.0,10.0,45.0,Yes,No,0.0,65.0,54.17
2022/09/11 9:01:55 pm GMT-7,BABI,Male,32.0,168.0,74.0,4000.0,6500.0,1. Large Corporation,No,,2. Public Transport,40.0,350.0,0. Right-handed,40.0,No,9.5,0.0,No,8.0,2.0,2.0,40.0,Yes,Yes,0.0,44.0,36.67
2022/09/12 9:17:49 am GMT-7,BABI,Male,63.0,170.0,70.0,2500.0,5000.0,1. Large Corporation,No,3500.0,2. Public Transport,100.0,100.0,0. Right-handed,10.0,Yes,10.0,0.0,No,5.0,0.0,10.0,40.0,Yes,Yes,1.0,60.0,50.0
2022/09/12 7:45:58 pm GMT-7,BABI,Male,27.0,180.0,87.0,4000.0,5000.0,1. Large Corporation,No,650.0,2. Public Transport,50.0,50.0,0. Right-handed,86.0,No,11.0,0.0,No,8.0,10.0,20.0,40.0,Yes,Yes,2.0,80.0,66.67
2022/09/14 8:42:12 pm GMT-7,BABI,Female,26.0,161.0,55.0,3100.0,67000.0,1. Large Corporation,No,1200.0,2. Public Transport,,50.0,0. Right-handed,65.0,No,9.0,1.0,No,,,6.0,0.0,Yes,Yes,2.0,12.0,10.0
2022/09/14 9:11:02 pm GMT-7,BABI,Male,23.0,174.0,59.0,0.0,70000.0,1. Large Corporation,Yes,500.0,2. Public Transport,0.0,20.0,0. Right-handed,55.0,No,9.88,0.0,No,5.0,9.0,15.0,25.0,Yes,Yes,1.0,55.0,45.83
2022/09/15 5:21:39 pm GMT-7,BABI,Male,30.0,,68.0,3500.0,6000.0,4. Other,No,1700.0,3. Drive,20.0,120.0,0. Right-handed,45.0,No,10.0,0.0,No,6.0,30.0,5.0,40.0,Yes,Yes,0.0,50.0,41.67
2023/01/16 11:00:45 am GMT-8,ITMG,Male,25.0,170.0,81.0,1200.0,6000.0,1. Large Corporation,No,2000.0,3. Drive,400.0,500.0,0. Right-handed,15.0,Yes,10.0,1.0,No,5.0,15.0,7.0,26.0,Yes,Yes,1.0,40.0,33.33
2023/01/16 9:57:12 pm GMT-8,ITMG,Male,28.0,178.0,82.0,2880.0,4000.0,2. Small Company,No,1000.0,2. Public Transport,40.0,100.0,0. Right-handed,36.0,No,10.0,0.0,No,7.0,4.0,5.0,20.0,Yes,Yes,0.0,30.0,25.0
2023/01/23 10:30:38 pm GMT-8,ITMG,Male,26.0,181.0,83.0,2600.0,4000.0,1. Large Corporation,No,1500.0,1. Walk,0.0,500.0,0. Right-handed,55.0,Yes,,10.0,No,6.5,7.0,16.0,20.0,Yes,Yes,1.0,52.0,43.33
2023/03/08 8:36:17 pm GMT-8,ITMG,Female,28.0,158.0,49.0,3000.0,6500.0,1. Large Corporation,No,3700.0,2. Public Transport,0.0,700.0,2. Ambidextrous,45.0,No,91.0,15.0,No,9.0,1.0,20.0,15.0,Yes,No,2.0,55.0,45.83
2023/09/07 12:59:17 pm GMT-7,BABI,Male,34.0,185.0,81.0,5000.0,6000.0,1. Large Corporation,No,1200.0,3. Drive,50.0,200.0,0. Right-handed,60.0,No,11.0,2.0,No,6.0,5.0,10.0,0.0,Yes,Yes,2.0,20.0,16.67
2023/09/08 3:09:23 pm GMT-7,BABI,Female,26.0,163.0,58.0,6000.0,8000.0,1. Large Corporation,No,3000.0,2. Public Transport,30.0,500.0,0. Right-handed,50.0,No,9.0,0.0,No,7.0,3.0,12.0,40.0,Yes,Yes,1.0,64.0,53.33
2023/09/09 6:22:47 pm GMT-7,BABI,Female,27.0,154.0,60.0,4000.0,6000.0,1. Large Corporation,Yes,300.0,2. Public Transport,50.0,100.0,0. Right-handed,50.0,No,9.0,0.0,No,6.0,15.0,10.0,40.0,Yes,Yes,0.0,60.0,50.0
2023/09/10 3:03:39 pm GMT-7,BABI,Male,32.0,176.0,230.0,,6200.0,1. Large Corporation,No,1600.0,3. Drive,150.0,250.0,0. Right-handed,63.0,No,10.83,5.0,Yes,7.0,8.0,5.0,37.0,Yes,Yes,2.0,47.0,39.17
2023/09/11 9:58:25 pm GMT-7,BABI,Female,24.0,153.0,52.0,4000.0,5000.0,2. Small Company,Yes,1600.0,2. Public Transport,80.0,50.0,0. Right-handed,50.0,No,9.0,,No,7.0,10.0,10.0,50.0,Yes,Yes,1.0,70.0,58.33
2023/09/14 2:12:27 pm GMT-7,BABI,Female,35.0,165.0,53.0,6500.0,11000.0,1. Large Corporation,No,3000.0,2. Public Transport,100.0,300.0,1. Left-handed,80.0,No,9.5,1.0,No,7.0,10.0,15.0,40.0,Yes,Yes,2.0,70.0,58.33
2023/09/14 3:01:49 pm GMT-7,BABI,Male,36.0,179.0,70.0,6000.0,6500.0,3. Non-profit or Government Agency,No,3000.0,5. Other,50.0,,0. Right-handed,50.0,No,12.0,0.0,No,8.0,1.0,10.0,20.0,Yes,Yes,0.0,40.0,33.33
2023/09/14 8:05:03 pm GMT-7,BABI,Male,23.0,175.0,63.0,4500.0,5000.0,1. Large Corporation,Yes,2500.0,3. Drive,200.0,300.0,0. Right-handed,50.0,No,10.0,0.0,No,8.0,10.0,12.0,0.0,Yes,No,0.0,24.0,20.0
2023/09/17 10:11:22 am GMT-7,BABI,Male,26.0,180.0,94.0,0.0,4500.0,2. Small Company,No,300.0,2. Public Transport,20.0,20.0,0. Right-handed,40.0,Yes,9.5,1.0,Yes,8.0,35.0,7.0,12.0,No,Yes,2.0,26.0,21.67
2023/09/17 2:18:42 pm GMT-7,BABI,Female,36.0,165.0,65.0,1000.0,80000.0,1. Large Corporation,No,1400.0,2. Public Transport,0.0,0.0,1. Left-handed,50.0,No,9.8,0.0,No,8.0,2.0,4.0,0.0,Yes,Yes,2.0,8.0,6.67
2023/09/21 5:22:08 pm GMT-7,BABI,Male,34.0,174.0,75.0,10200.0,8000.0,2. Small Company,No,6000.0,2. Public Transport,40.0,500.0,0. Right-handed,100.0,No,9.68,1.0,No,6.0,2.0,18.0,10.0,Yes,Yes,1.0,46.0,38.33
2023/10/16 11:51:36 pm GMT-7,BABI,Male,28.0,180.0,91.0,4500.0,7000.0,1. Large Corporation,No,2000.0,2. Public Transport,100.0,200.0,0. Right-handed,70.0,No,11.61,1.0,No,8.0,30.0,15.0,40.0,No,Yes,0.0,70.0,58.33
2024/01/09 4:52:33 pm GMT-8,ITMG,Shakespearian Cat  ,15.0,167.0,60.0,0.0,5000.0,1. Large Corporation,Yes,800.0,1. Walk,0.0,100.0,2. Ambidextrous,100.0,No,7.0,2.0,Yes,9.0,5.0,2.5,2.0,No,No,5.0,7.0,5.83
2024/01/11 8:48:31 pm GMT-8,BMGT,Male,27.0,175.0,70.0,4500.0,5000.0,2. Small Company,Yes,2500.0,3. Drive,300.0,100.0,0. Right-handed,66.0,No,911.0,0.0,No,6.0,10.0,7.0,0.0,Yes,Yes,1.0,14.0,11.67
2024/01/13 12:10:41 pm GMT-8,ITMG,Female,27.0,153.0,48.0,2000.0,4000.0,3. Non-profit or Government Agency,No,1300.0,2. Public Transport,0.0,150.0,0. Right-handed,60.0,No,9.0,0.0,No,7.0,20.0,40.0,20.0,Yes,No,1.0,100.0,83.33
2024/09/07 2:41:11 pm GMT-7,BABI,Male,23.0,185.0,81.0,3500.0,5500.0,1. Large Corporation,Yes,800.0,2. Public Transport,46.0,200.0,0. Right-handed,45.0,No,10.5,0.0,No,9.0,15.0,20.0,20.0,Yes,Yes,1.0,60.0,50.0
2024/09/07 3:32:24 pm GMT-7,BABI,Male,35.0,1.77,68.0,3000.0,6000.0,3. Non-profit or Government Agency,No,1600.0,1. Walk,0.0,110.0,0. Right-handed,70.0,No,15.0,2.0,No,7.0,10.0,10.0,0.0,Yes,Yes,0.0,20.0,16.67
2024/09/07 3:58:21 pm GMT-7,BABI,Male,28.0,171.0,72.0,3600.0,4000.0,3. Non-profit or Government Agency,Yes,800.0,2. Public Transport,270.0,100.0,0. Right-handed,40.0,No,10.4,1.0,Yes,6.5,5.0,12.0,37.5,Yes,Yes,0.0,61.5,51.25
2024/09/07 8:59:29 pm GMT-7,BABI,Female,35.0,167.0,77.0,0.0,5000.0,3. Non-profit or Government Agency,No,5000.0,2. Public Transport,,80.0,0. Right-handed,130.0,No,9.0,0.0,No,6.0,4.0,14.0,0.0,Yes,No,0.0,28.0,23.33
2024/09/08 3:03:26 pm GMT-7,BABI,Male,24.0,174.0,65.0,5500.0,6300.0,1. Large Corporation,No,2500.0,2. Public Transport,50.0,200.0,0. Right-handed,78.0,No,10.0,1.0,No,7.0,20.0,10.0,40.0,Yes,Yes,1.0,60.0,50.0
2024/09/08 3:35:34 pm GMT-7,BABI,Male,54.0,165.0,88.0,68000.0,8000.0,3. Non-profit or Government Agency,Yes,2000.0,3. Drive,20.0,250.0,0. Right-handed,90.0,No,10.0,0.0,No,6.0,1.0,5.0,40.0,Yes,No,2.0,50.0,41.67
2024/09/08 7:43:49 pm GMT-7,BABI,Female,25.0,168.0,68.0,5000.0,5500.0,2. Small Company,Yes,2000.0,3. Drive,120.0,70.0,0. Right-handed,65.0,No,9.0,0.0,No,7.5,7.0,6.0,37.0,Yes,No,2.0,49.0,40.83
2024/09/09 3:20:17 pm GMT-7,BABI,Male,35.0,178.0,82.0,5700.0,6500.0,3. Non-profit or Government Agency,No,2000.0,2. Public Transport,100.0,500.0,0. Right-handed,100.0,No,10.6,2.0,No,7.0,1.5,20.0,25.0,Yes,No,1.0,65.0,54.17
2024/09/09 10:28:51 pm GMT-7,BABI,Male,33.0,178.0,80.0,5600.0,7000.0,1. Large Corporation,Yes,1500.0,2. Public Transport,40.0,100.0,0. Right-handed,45.0,No,10.0,1.0,No,6.0,20.0,7.0,40.0,Yes,Yes,0.0,54.0,45.0
2024/09/10 8:09:11 am GMT-7,BABI,Female,46.0,168.0,55.0,7200.0,6000.0,1. Large Corporation,No,1500.0,5. Other,80.0,300.0,1. Left-handed,63.0,No,9.5,3.0,No,8.0,1.0,6.0,18.0,Yes,Yes,3.0,30.0,25.0
2024/09/11 4:21:54 pm GMT-7,BABI,Female,28.0,165.0,47.0,4200.0,6000.0,1. Large Corporation,No,,2. Public Transport,,90.0,0. Right-handed,40.0,No,10.0,0.0,Yes,6.0,20.0,20.0,0.0,Yes,Yes,0.0,40.0,33.33
2024/09/11 6:51:37 pm GMT-7,BABI,Male,25.0,178.0,80.0,4000.0,5000.0,1. Large Corporation,No,2500.0,2. Public Transport,60.0,50.0,0. Right-handed,42.0,No,,0.0,No,7.0,12.0,20.0,0.0,Yes,No,1.0,40.0,33.33
2024/09/14 5:20:17 pm GMT-7,BABI,Male,23.0,182.0,79.0,0.0,2500.0,3. Non-profit or Government Agency,Yes,1000.0,3. Drive,50.0,100.0,0. Right-handed,45.0,No,10.24,0.0,No,7.5,3.0,12.0,0.0,Yes,No,1.0,24.0,20.0
2024/09/15 8:11:26 am GMT-7,BABI,Female,27.0,180.0,68.0,0.0,120000.0,3. Non-profit or Government Agency,No,1200.0,2. Public Transport,8.0,9.0,0. Right-handed,1.0,No,5.0,0.0,No,7.0,3.0,9.0,0.0,Yes,Yes,1.0,18.0,15.0
2025/01/07 1:06:40 pm GMT-8,NANx,Female,21.0,168.0,,0.0,5000.0,3. Non-profit or Government Agency,No,1000.0,2. Public Transport,0.0,50.0,0. Right-handed,45.0,No,10.0,0.0,No,6.0,12.0,20.0,24.0,Yes,No,1.0,64.0,53.33
2025/01/07 1:43:48 pm GMT-8,ITMG,Male,25.0,180.0,80.0,3500.0,5000.0,1. Large Corporation,No,1500.0,1. Walk,0.0,10.0,0. Right-handed,50.0,No,10.0,0.0,No,6.0,1.0,10.0,1.0,Yes,Yes,1.5,21.0,17.5
2025/01/07 1:44:24 pm GMT-8,ITMG,Male,33.0,170.0,72.0,3000.0,10.0,1. Large Corporation,No,5000.0,3. Drive,150.0,100.0,0. Right-handed,40.0,No,,1.0,No,6.0,7.0,20.0,6.0,Yes,Yes,3.0,46.0,38.33
2025/01/07 1:50:36 pm GMT-8,ITMG,Female,41.0,157.48,69.0,6200.0,6500.0,3. Non-profit or Government Agency,No,3630.0,2. Public Transport,250.0,250.0,0. Right-handed,68.0,No,9.5,0.0,No,6.0,15.0,35.0,20.0,Yes,Yes,2.0,90.0,75.0
2025/01/07 2:18:24 pm GMT-8,ITMG,Male,28.0,175.0,73.0,52000.0,55000.0,1. Large Corporation,No,300.0,3. Drive,55.0,100.0,1. Left-handed,55.0,No,10.5,1.0,Yes,6.0,7.0,8.0,12.0,Yes,Yes,1.0,28.0,23.33
2025/01/07 2:38:37 pm GMT-8,ITMG,Male,22.0,171.0,67.0,10000.0,6000.0,4. Other,No,1500.0,2. Public Transport,0.0,150.0,0. Right-handed,40.0,No,26.0,0.0,No,7.0,5.0,10.0,0.0,Yes,Yes,1.0,20.0,16.67
2025/01/09 11:12:12 am GMT-8,BMGT,Female,27.0,168.0,68.0,1400.0,4000.0,1. Large Corporation,No,1200.0,2. Public Transport,150.0,10.0,0. Right-handed,30.0,No,9.5,1.0,No,5.0,2.0,10.0,15.0,Yes,No,1.0,35.0,29.17
2025/01/09 5:36:09 pm GMT-8,BABI,Male,28.0,180.0,78.0,0.0,4000.0,1. Large Corporation,No,1200.0,2. Public Transport,50.0,200.0,0. Right-handed,60.0,No,,2.0,No,7.0,10.0,10.0,20.0,Yes,No,1.0,40.0,33.33
2025/01/09 5:36:20 pm GMT-8,BABI,Female,28.0,158.0,66.0,0.0,80.0,3. Non-profit or Government Agency,No,,2. Public Transport,8.0,40.0,0. Right-handed,40.0,No,,0.0,No,8.0,3.0,18.0,0.0,Yes,Yes,0.0,36.0,30.0
2025/01/09 5:36:25 pm GMT-8,BABI,Female,35.0,167.0,77.0,0.0,5000.0,3. Non-profit or Government Agency,No,5000.0,2. Public Transport,100.0,400.0,0. Right-handed,200.0,No,9.0,0.0,No,6.0,14.0,28.0,0.0,Yes,Yes,0.0,56.0,46.67
2025/01/09 5:36:31 pm GMT-8,BABI,Female,28.0,165.0,47.0,,2000.0,1. Large Corporation,No,,2. Public Transport,0.0,80.0,0. Right-handed,34.0,No,9.5,0.0,Yes,6.5,14.0,14.0,0.0,Yes,No,0.0,28.0,23.33
2025/01/09 5:36:37 pm GMT-8,BABI,Female,26.0,152.4,110.0,0.0,4000.0,1. Large Corporation,Yes,100.0,2. Public Transport,0.0,50.0,nan,,No,15.24,0.0,No,6.0,6.0,5.0,12.0,Yes,No,0.0,22.0,18.33
2025/01/09 5:36:48 pm GMT-8,BABI,Male,35.0,1.77,68.0,6000.0,5000.0,3. Non-profit or Government Agency,No,2000.0,1. Walk,40.0,60.0,0. Right-handed,70.0,No,10.0,1.0,Yes,8.0,10.0,10.0,0.0,Yes,Yes,1.0,20.0,16.67
2025/01/09 5:36:58 pm GMT-8,BABI,Female,26.0,25.4,70.3,4800.0,5800.0,2. Small Company,Yes,1800.0,3. Drive,200.0,400.0,0. Right-handed,70.0,No,6.0,0.0,No,8.0,12.0,8.0,37.5,Yes,No,2.0,53.5,44.58
2025/01/09 5:36:58 pm GMT-8,BABI,nan,25.0,178.0,78.0,0.0,3500.0,1. Large Corporation,No,1000.0,2. Public Transport,35.0,50.0,0. Right-handed,40.0,No,,0.0,No,7.0,12.0,25.0,15.0,Yes,No,1.0,65.0,54.17
2025/01/09 5:37:02 pm GMT-8,BABI,Male,23.0,179.0,71.0,0.0,4200.0,2. Small Company,Yes,0.0,2. Public Transport,20.0,0.0,1. Left-handed,0.0,No,11.0,0.0,No,6.5,35.0,16.0,0.0,Yes,No,0.0,32.0,26.67
2025/01/09 5:37:16 pm GMT-8,BABI,Female,28.0,165.0,61.0,,,3. Non-profit or Government Agency,Yes,200.0,2. Public Transport,60.0,0.0,0. Right-handed,30.0,No,,0.0,No,6.0,0.0,2.0,30.0,Yes,Yes,0.0,34.0,28.33
2025/01/09 5:37:27 pm GMT-8,BABI,Male,36.0,178.0,82.0,5700.0,6500.0,3. Non-profit or Government Agency,No,2000.0,2. Public Transport,200.0,200.0,0. Right-handed,80.0,No,10.0,2.0,No,8.0,4.0,15.0,20.0,Yes,Yes,2.0,50.0,41.67
2025/01/09 5:37:43 pm GMT-8,BABI,Male,32.0,173.0,93.0,4400.0,7400.0,3. Non-profit or Government Agency,No,3200.0,3. Drive,80.0,400.0,0. Right-handed,90.0,Yes,10.0,4.0,No,6.0,12.0,4.0,40.0,Yes,Yes,2.0,48.0,40.0
2025/01/09 5:38:01 pm GMT-8,BABI,Male,29.0,171.0,73.0,3600.0,5000.0,1. Large Corporation,Yes,500.0,2. Public Transport,200.0,100.0,0. Right-handed,40.0,No,9.0,0.0,Yes,6.0,5.0,8.0,37.5,Yes,Yes,0.5,53.5,44.58
2025/01/09 5:38:40 pm GMT-8,BABI,Female,21.0,178.0,70.0,3000.0,5000.0,1. Large Corporation,No,2500.0,3. Drive,100.0,100.0,2. Ambidextrous,100.0,No,12.0,8.0,No,7.0,10.0,8.0,0.0,Yes,Yes,3.0,16.0,13.33
2025/01/09 5:38:52 pm GMT-8,GCBA,Male,33.0,179.0,85.0,0.0,6500.0,3. Non-profit or Government Agency,Yes,1200.0,2. Public Transport,40.0,200.0,0. Right-handed,35.0,No,9.0,0.0,No,6.0,25.0,8.0,0.0,Yes,Yes,0.0,16.0,13.33
2025/01/09 5:38:57 pm GMT-8,BABI,Male,24.0,172.0,53.0,5500.0,5500.0,1. Large Corporation,No,3000.0,2. Public Transport,40.0,250.0,0. Right-handed,78.0,No,10.3,1.0,No,7.0,30.0,15.0,40.0,Yes,Yes,1.0,70.0,58.33
2025/01/09 5:38:59 pm GMT-8,BABI,Male,24.0,187.0,81.0,2500.0,5000.0,1. Large Corporation,No,1500.0,2. Public Transport,50.0,200.0,0. Right-handed,40.0,No,11.0,0.0,No,10.0,10.0,15.0,30.0,Yes,Yes,1.0,60.0,50.0
2025/01/09 5:39:12 pm GMT-8,BABI,Male,30.0,175.0,65.0,5000.0,6000.0,1. Large Corporation,No,2000.0,2. Public Transport,45.0,100.0,0. Right-handed,30.0,No,10.0,0.0,No,8.0,10.0,15.0,40.0,Yes,Yes,2.0,70.0,58.33
2025/01/09 5:40:13 pm GMT-8,BABI,Male,33.0,167.0,64.0,3000.0,4500.0,2. Small Company,No,1500.0,2. Public Transport,60.0,50.0,0. Right-handed,115.0,No,9.5,4.0,No,7.0,25.0,20.0,38.0,Yes,Yes,1.0,78.0,65.0
2025/01/09 5:40:31 pm GMT-8,BABI,Male,23.0,182.0,79.0,0.0,2000.0,3. Non-profit or Government Agency,No,1000.0,3. Drive,150.0,100.0,0. Right-handed,45.0,No,11.0,0.0,No,7.0,10.0,14.0,0.0,Yes,No,1.0,28.0,23.33
2025/01/09 5:41:38 pm GMT-8,BABI,Female,47.0,165.0,54.0,0.0,6700.0,4. Other,No,3000.0,2. Public Transport,200.0,500.0,1. Left-handed,63.0,No,9.5,6.0,No,8.0,1.0,16.0,20.0,Yes,Yes,3.0,52.0,43.33
2025/01/09 5:44:20 pm GMT-8,BABI,Male,57.0,164.0,65.0,20000.0,6000.0,2. Small Company,No,6000.0,5. Other,40.0,50.0,0. Right-handed,65.0,No,8.0,1.0,No,8.0,1.0,30.0,0.0,Yes,Yes,0.0,60.0,50.0
2025/01/09 7:37:17 pm GMT-8,BABI,Male,57.0,164.0,65.0,20000.0,6000.0,2. Small Company,No,6000.0,5. Other,40.0,20.0,0. Right-handed,65.0,No,8.0,1.0,No,8.0,1.0,30.0,0.0,Yes,Yes,0.0,60.0,50.0
2025/01/10 9:04:37 pm GMT-8,ITMG,Male,59.0,170.0,80.0,3500.0,6500.0,1. Large Corporation,No,4300.0,2. Public Transport,50.0,150.0,0. Right-handed,80.0,No,10.0,0.0,No,6.0,0.0,20.0,0.0,Yes,Yes,2.0,40.0,33.33
2025/01/16 2:34:47 pm GMT-8,MTKG,Female,26.0,50.0,54.54,3100.0,3300.0,3. Non-profit or Government Agency,No,1200.0,3. Drive,300.0,10.0,0. Right-handed,30.0,No,9.0,4.0,No,6.5,10.0,10.0,6.0,Yes,Yes,2.0,26.0,21.67
2025/01/16 2:44:32 pm GMT-8,MKTG,Female,21.0,165.0,50.0,12500.0,3000.0,2. Small Company,No,2200.0,2. Public Transport,0.0,300.0,0. Right-handed,80.0,No,9.0,2.0,No,7.0,20.0,30.0,0.0,Yes,No,0.0,60.0,50.0
2025/01/16 2:46:48 pm GMT-8,BBAx,Male,22.0,176.784,74.0,0.0,3000.0,1. Large Corporation,No,500.0,2. Public Transport,0.0,100.0,1. Left-handed,86.0,No,6.0,1.0,No,7.0,11.0,5.0,24.0,Yes,No,4.0,34.0,28.33
2025/01/16 2:49:50 pm GMT-8,MARK,Female,22.0,165.1,48.5,0.0,80000.0,1. Large Corporation,No,2950.0,3. Drive,100.0,100.0,0. Right-handed,0.0,Yes,,0.1,No,7.0,2060.0,10.0,0.0,Yes,No,1.5,20.0,16.67
2025/01/16 2:49:53 pm GMT-8,MKTG,Female,20.0,168.0,74.84,0.0,5000.0,1. Large Corporation,Yes,800.0,3. Drive,160.0,40.0,0. Right-handed,90.0,No,9.69,0.0,Yes,11.0,14.0,17.0,7.0,Yes,No,0.0,41.0,34.17
2025/01/16 2:53:53 pm GMT-8,MKTG,Male,18.0,6.0,70.0,0.0,4000.0,2. Small Company,Yes,0.0,3. Drive,190.0,0.0,0. Right-handed,0.0,No,12.0,0.0,No,8.0,10.0,15.0,13.0,No,No,0.0,43.0,35.83
2025/01/16 2:57:44 pm GMT-8,MKTG,Male,20.0,165.0,77.0,0.0,70000.0,1. Large Corporation,Yes,0.0,3. Drive,0.0,200.0,2. Ambidextrous,40.0,Yes,,0.0,No,7.0,12.0,8.0,0.0,Yes,Yes,1.0,16.0,13.33
2025/01/16 3:04:55 pm GMT-8,EXCH,Male,23.0,183.0,71.0,7000.0,6500.0,2. Small Company,Yes,900.0,1. Walk,0.0,50.0,nan,55.0,No,20.0,,No,6.0,21.0,20.0,0.0,Yes,No,0.0,40.0,33.33
2025/01/16 3:44:40 pm GMT-8,MKTG,Female,19.0,168.0,63.0,,4800.0,1. Large Corporation,Yes,100.0,2. Public Transport,0.0,400.0,0. Right-handed,0.0,No,9.6,1.0,No,7.0,6.0,8.0,0.0,No,No,1.0,16.0,13.33
2025/01/16 4:41:58 pm GMT-8,MKTG,Female,27.0,164.0,50.0,0.0,5000.0,3. Non-profit or Government Agency,No,3000.0,3. Drive,150.0,,0. Right-handed,50.0,Yes,8.75,,No,9.0,3.0,10.0,0.0,Yes,Yes,1.0,20.0,16.67
2025/01/16 4:42:32 pm GMT-8,BMGT,Male,21.0,178.0,66.0,0.0,3300.0,2. Small Company,Yes,3900.0,3. Drive,700.0,0.0,0. Right-handed,80.0,No,11.25,0.0,No,8.0,0.0,40.0,0.0,Yes,No,0.0,80.0,66.67
2025/01/16 4:47:45 pm GMT-8,BABI,Female,24.0,161.0,57.0,0.0,4000.0,1. Large Corporation,Yes,200.0,2. Public Transport,0.0,20.0,0. Right-handed,0.0,No,8.0,1.0,No,8.0,30.0,25.0,8.0,Yes,Yes,0.0,58.0,48.33
2025/01/16 5:03:30 pm GMT-8,MMGT,Female,29.0,162.0,70.0,3500.0,2600.0,1. Large Corporation,No,1500.0,2. Public Transport,50.0,150.0,0. Right-handed,69.0,No,9.25,2.0,Yes,6.0,21.0,35.0,0.0,Yes,Yes,0.0,70.0,58.33
2025/01/16 7:31:42 pm GMT-8,BABI,Male,23.0,185.0,93.0,3700.0,3200.0,2. Small Company,Yes,60.0,2. Public Transport,90.0,75.0,0. Right-handed,50.0,No,9.0,1.0,No,7.0,5.0,10.0,8.0,Yes,Yes,0.0,28.0,23.33
2025/01/16 8:37:34 pm GMT-8,MKTG,Male,24.0,170.0,81.0,5500.0,3500.0,1. Large Corporation,Yes,700.0,3. Drive,750.0,150.0,1. Left-handed,117.0,No,10.5,2.0,No,7.0,10.0,18.0,8.0,Yes,No,1.0,44.0,36.67
2025/01/16 11:11:41 pm GMT-8,MKTG,Male,23.0,170.0,57.0,3000.0,5000.0,1. Large Corporation,Yes,750.0,2. Public Transport,50.0,30.0,0. Right-handed,34.0,No,10.0,0.0,No,6.0,32.0,8.0,30.0,Yes,Yes,1.0,46.0,38.33
2025/01/17 6:25:04 am GMT-8,MKTG,Male,26.0,168.0,80.0,0.0,800.0,2. Small Company,No,4000.0,2. Public Transport,50.0,100.0,0. Right-handed,30.0,No,9.0,2.0,No,7.0,5.0,6.0,0.0,Yes,No,1.0,12.0,10.0
2025/01/17 8:47:57 am GMT-8,BABI,Male,21.0,183.0,71.0,4000.0,5000.0,1. Large Corporation,Yes,100.0,3. Drive,100.0,30.0,0. Right-handed,0.0,No,10.5,0.0,No,7.5,20.0,4.0,5.0,Yes,No,0.5,13.0,10.83
2025/01/17 10:51:34 am GMT-8,BMGT,Male,20.0,178.0,84.0,3000.0,6000.0,1. Large Corporation,Yes,300.0,3. Drive,150.0,100.0,0. Right-handed,70.0,Yes,11.0,0.0,No,7.0,10.0,15.0,16.0,Yes,No,1.0,46.0,38.33
2025/01/17 12:00:17 pm GMT-8,BBAD,Female,22.0,172.0,57.0,0.0,4000.0,1. Large Corporation,No,1200.0,2. Public Transport,0.0,200.0,0. Right-handed,50.0,No,9.0,4.0,No,7.0,15.0,10.0,12.0,Yes,Yes,2.0,32.0,26.67
2025/01/17 1:05:28 pm GMT-8,BABI,Male,20.0,172.0,64.0,0.0,5000.0,1. Large Corporation,No,1400.0,2. Public Transport,0.0,300.0,0. Right-handed,39.0,No,10.25,0.0,Yes,8.0,7.0,3.0,15.0,Yes,No,1.0,21.0,17.5
2025/01/17 4:50:38 pm GMT-8,ITMG,Female,26.0,,60.0,2500.0,2000.0,1. Large Corporation,Yes,2500.0,3. Drive,300.0,20.0,0. Right-handed,50.0,No,,0.0,No,8.0,30.0,10.0,20.0,Yes,No,0.0,40.0,33.33
2025/01/18 12:53:57 pm GMT-8,BMGT,Male,27.0,173.0,72.0,6000.0,6000.0,4. Other,No,2200.0,5. Other,180.0,50.0,0. Right-handed,50.0,No,10.0,0.0,Yes,5.0,2.0,10.0,20.0,Yes,Yes,,40.0,33.33
2025/01/18 11:44:28 pm GMT-8,BABI,Female,29.0,165.0,62.0,3200.0,5000.0,1. Large Corporation,Yes,150.0,2. Public Transport,0.0,300.0,0. Right-handed,25.0,No,,2.0,No,7.0,14.0,24.0,25.0,Yes,No,0.5,73.0,60.83
2025/01/19 4:47:16 pm GMT-8,BMGT,Male,22.0,188.0,72.0,3200.0,5000.0,2. Small Company,Yes,300.0,3. Drive,100.0,100.0,0. Right-handed,0.0,No,11.0,8.0,No,8.0,24.0,10.0,0.0,Yes,No,1.0,20.0,16.67
2025/01/19 7:41:28 pm GMT-8,BBAD,Female,24.0,165.1,175.0,2000.0,5100.0,3. Non-profit or Government Agency,Yes,300.0,3. Drive,300.0,100.0,1. Left-handed,100.0,No,9.5,1.0,No,6.0,50.0,20.0,20.0,Yes,Yes,1.0,60.0,50.0
2025/01/19 8:09:31 pm GMT-8,BABI,Female,21.0,167.0,165.0,0.0,5000.0,3. Non-profit or Government Agency,No,1000.0,2. Public Transport,0.0,20.0,0. Right-handed,45.0,No,9.0,0.0,No,6.0,5.0,10.0,22.0,Yes,No,1.0,42.0,35.0
2025/01/19 10:24:34 pm GMT-8,BMGT,Female,19.0,182.0,55.0,0.0,5500.0,2. Small Company,Yes,1000.0,2. Public Transport,110.0,200.0,0. Right-handed,35.0,No,9.9,2.0,No,5.0,12.0,30.0,24.0,Yes,No,1.0,84.0,70.0
2025/01/20 10:55:29 am GMT-8,BMGT,Female,22.0,157.0,55.0,0.0,2000.0,1. Large Corporation,Yes,750.0,3. Drive,400.0,200.0,0. Right-handed,100.0,No,,1.0,Yes,8.0,3.0,4.0,16.0,Yes,Yes,2.0,24.0,20.0
2025/01/20 10:43:04 pm GMT-8,ITMG,Female,23.0,157.0,73.0,0.0,5447.0,2. Small Company,Yes,300.0,2. Public Transport,68.0,12.0,0. Right-handed,0.0,No,8.5,1.0,Yes,6.0,4.0,21.0,0.0,Yes,Yes,0.0,42.0,35.0
2025/01/23 9:33:54 am GMT-8,MKTG,Female,18.0,170.0,119.2,0.0,1040.0,2. Small Company,No,1350.0,2. Public Transport,47.0,20.0,0. Right-handed,29.0,No,12.2,0.0,No,5.0,21.0,35.0,15.0,Yes,Yes,2.0,85.0,70.83
