ID,Name,Age,Email,Country,Date_Joined,Subscription_Status,Purchase_Amount,Last_Login,Feedback_Rating,Preferred_Language,Referral_Code
1,Liam Wong,,liam.72@demo.com,Egypt,2025-06-27,Active,,2025-12-22,,German,REF789
2,Emily Davis,,emily.66@example.com,Egypt,2025-09-14,Inactive,140.93,2025-04-12,,English,REF202
3,Tom Brown,44,tom.31@demo.com,USA,2023-07-09,Active,140.28,2024-10-05,5,English,NA
4,Jane Smith,58,jane.62@test.com,USA,2025-01-23,Active,,2024-02-28,,English,NA
5,John Doe,,john.64@test.com,Mexico,2024-09-24,Inactive,,2025-04-15,,French,REF101
6,Tom Brown,58,tom.50@test.com,Egypt,2022-12-23,Inactive,,2024-02-23,4.2,Arabic,REF789
7,Tom Brown,50,tom.48@demo.com,USA,2023-04-19,Inactive,,2025-12-02,3.9,Arabic,REF303
8,Liam Wong,46,liam.99@example.com,UK,2025-10-27,Inactive,119.9,2024-01-02,4,English,REF123
9,Emily Davis,55,emily.32@test.com,Canada,2025-12-17,Active,,2025-02-23,4,Mandarin,REF202
10,John Doe,57,john.7@example.com,USA,2023-08-17,Inactive,,2024-10-06,,Spanish,REF456
11,Emily Davis,,emily.48@demo.com,Mexico,2025-12-10,Inactive,,2024-11-15,,Mandarin,REF789
12,John Doe,42,john.73@demo.com,Germany,2023-11-07,Inactive,,2025-12-01,,French,REF123
13,Ahmed Ali,55,ahmed.81@demo.com,Australia,2022-01-10,Inactive,51.24,2025-07-12,,Arabic,NA
14,Liam Wong,36,liam.4@demo.com,Mexico,2023-10-24,Active,,2025-03-08,,Spanish,REF202
15,Maria Lopez,,maria.3@demo.com,UK,2024-07-01,Active,185.02,2024-08-26,4.1,German,REF303
16,Sophia Chen,,sophia.71@example.com,USA,2022-11-25,Active,,2024-03-16,3.5,English,NA
17,John Doe,,john.37@test.com,Canada,2024-03-28,Active,,2024-10-14,4.6,French,REF101
18,Jane Smith,,jane.10@test.com,China,2024-11-04,Inactive,,2025-12-09,,French,NA
19,Tom Brown,30,tom.13@demo.com,Germany,2023-08-12,Active,,2025-10-19,4.7,Arabic,REF101
20,Tom Brown,,tom.48@example.com,China,2025-08-24,Inactive,,2025-11-28,,French,REF202
21,Emily Davis,,emily.11@demo.com,UK,2024-08-19,Active,,2024-05-18,,Mandarin,REF202
22,Maria Lopez,38,maria.47@example.com,Australia,2025-09-10,Active,76.79,2025-01-11,3.8,Arabic,REF456
23,Maria Lopez,,maria.73@example.com,Egypt,2023-12-16,Active,,2024-02-01,4.7,Arabic,REF202
24,Tom Brown,20,tom.28@demo.com,Canada,2023-02-14,Inactive,56.46,2024-03-28,,Spanish,NA
25,John Doe,45,john.65@example.com,China,2024-09-04,Inactive,,2024-07-21,3.7,German,REF303
26,Tom Brown,29,tom.96@demo.com,Canada,2025-11-15,Inactive,128.78,2024-10-01,4,English,REF303
27,Maria Lopez,,maria.26@demo.com,USA,2025-04-17,Inactive,,2025-07-14,,Arabic,REF456
28,Liam Wong,,liam.62@example.com,Australia,2024-04-19,Active,,2024-11-23,,Mandarin,NA
29,Sophia Chen,,sophia.14@demo.com,China,2025-08-23,Inactive,108.57,2024-02-03,,German,REF123
30,John Doe,56,john.81@example.com,Egypt,2023-06-19,Inactive,,2024-12-26,,French,REF123
31,John Doe,,john.77@test.com,China,2022-06-24,Inactive,127.1,2024-01-13,4.3,Mandarin,REF123
32,Maria Lopez,30,maria.77@test.com,Germany,2023-12-19,Inactive,116.1,2024-01-25,,Mandarin,REF456
33,Tom Brown,60,tom.5@test.com,Mexico,2025-03-05,Inactive,95.38,2025-04-26,,German,REF456
34,Sophia Chen,44,sophia.25@test.com,Egypt,2023-06-19,Inactive,,2025-09-19,4.2,German,REF101
35,Tom Brown,52,tom.6@example.com,Mexico,2023-12-02,Inactive,114.77,2025-07-06,,Mandarin,REF789
36,Ahmed Ali,,ahmed.20@test.com,Mexico,2023-11-06,Inactive,,2025-10-25,,Mandarin,REF303
37,Sophia Chen,29,sophia.1@test.com,China,2024-04-01,Active,,2024-02-18,4,German,NA
38,Liam Wong,38,liam.70@test.com,China,2024-12-13,Inactive,142.04,2025-08-03,,Spanish,REF101
39,Emily Davis,48,emily.57@demo.com,Canada,2022-06-16,Inactive,,2025-02-15,4.1,Spanish,REF303
40,Ahmed Ali,,ahmed.5@example.com,Egypt,2022-08-13,Inactive,107.65,2024-11-09,4.5,English,REF789
41,John Doe,,john.52@test.com,Mexico,2023-01-21,Inactive,,2025-02-21,,Arabic,REF123
42,Tom Brown,,tom.32@test.com,China,2025-07-28,Active,143.08,2024-06-21,4.2,Spanish,REF789
43,John Doe,26,john.15@example.com,Egypt,2024-07-06,Inactive,,2024-03-03,3.5,Spanish,REF303
44,John Doe,,john.46@test.com,UK,2023-10-02,Active,,2024-08-26,4.3,English,REF456
45,Sophia Chen,,sophia.11@example.com,Mexico,2023-07-01,Active,,2025-05-21,,French,REF101
46,Emily Davis,56,emily.91@demo.com,Germany,2025-12-13,Active,179.37,2025-03-21,4.4,Mandarin,REF789
47,Jane Smith,,jane.45@demo.com,Mexico,2025-03-23,Active,,2025-04-24,,Mandarin,REF101
48,Emily Davis,24,emily.23@demo.com,Germany,2025-04-19,Active,105.22,2025-05-27,,Arabic,REF303
49,Emily Davis,,emily.23@example.com,Canada,2024-07-16,Active,149.25,2025-04-14,3.9,Arabic,REF456
50,Emily Davis,44,emily.33@example.com,Canada,2023-12-19,Inactive,,2025-07-08,4.8,Arabic,REF123
51,Ahmed Ali,,ahmed.59@example.com,Germany,2023-11-06,Inactive,101,2024-04-15,4.1,Mandarin,REF202
52,Ahmed Ali,,ahmed.43@test.com,China,2025-03-13,Active,175.66,2025-12-07,3.6,Arabic,REF202
53,Sophia Chen,22,sophia.81@example.com,UK,2022-06-22,Active,123.03,2025-08-12,,Mandarin,REF123
54,Liam Wong,,liam.75@example.com,Germany,2025-04-10,Inactive,,2024-04-28,3.6,French,REF101
55,Ahmed Ali,,ahmed.87@test.com,China,2024-04-14,Inactive,120.08,2024-01-27,,English,REF123
56,Sophia Chen,46,sophia.22@demo.com,China,2023-02-10,Inactive,139.08,2025-04-23,4.6,English,REF789
57,Liam Wong,,liam.14@example.com,USA,2023-03-09,Active,154.12,2025-12-16,,French,REF101
58,Emily Davis,,emily.18@test.com,Germany,2025-02-03,Inactive,,2025-08-08,,Arabic,REF202
59,Tom Brown,,tom.64@example.com,Australia,2024-01-02,Active,189.82,2024-03-09,,French,NA
60,Emily Davis,57,emily.69@example.com,USA,2023-04-12,Inactive,93.73,2025-01-17,4.3,French,REF789
61,Jane Smith,,jane.31@test.com,Mexico,2023-10-07,Inactive,,2025-07-15,,German,REF101
62,Tom Brown,53,tom.39@test.com,Egypt,2024-11-27,Active,189.21,2025-06-24,,German,REF202
63,Tom Brown,50,tom.22@example.com,UK,2025-11-02,Active,123.6,2024-06-13,,French,REF101
64,Maria Lopez,48,maria.6@example.com,China,2025-02-19,Active,,2025-06-03,,Mandarin,REF456
65,Liam Wong,,liam.92@test.com,Germany,2025-08-16,Inactive,69.88,2025-08-16,4.4,French,REF456
66,Ahmed Ali,,ahmed.79@demo.com,USA,2022-05-02,Inactive,,2024-06-22,3.9,Mandarin,NA
67,Jane Smith,56,jane.79@example.com,China,2022-09-15,Active,,2025-11-16,,German,REF101
68,Emily Davis,,emily.55@test.com,UK,2024-06-11,Active,146.78,2024-06-21,3.9,Arabic,REF303
69,Sophia Chen,24,sophia.52@example.com,Germany,2025-07-06,Inactive,185.5,2024-10-28,4.1,Mandarin,REF123
70,Emily Davis,59,emily.8@example.com,Canada,2024-02-13,Inactive,,2024-12-18,,English,REF789
71,Liam Wong,,liam.5@example.com,China,2024-05-18,Active,156.28,2024-10-25,,Spanish,NA
72,Ahmed Ali,,ahmed.65@example.com,USA,2022-10-20,Active,183.08,2024-02-21,,French,REF456
73,Liam Wong,33,liam.9@test.com,China,2022-01-23,Active,82.95,2024-07-08,4.9,English,REF789
74,John Doe,,john.10@test.com,Mexico,2024-05-16,Inactive,127.82,2025-06-04,,French,REF789
75,Emily Davis,23,emily.64@example.com,UK,2024-03-12,Active,105.27,2024-03-22,3.7,Arabic,REF123
76,Emily Davis,,emily.100@demo.com,Canada,2022-07-12,Inactive,,2025-11-15,3.9,German,REF303
77,John Doe,43,john.67@demo.com,Australia,2024-04-10,Active,138.57,2025-06-13,,English,REF303
78,Maria Lopez,,maria.65@example.com,USA,2025-09-03,Inactive,,2024-01-22,4.2,English,NA
79,John Doe,,john.76@demo.com,Egypt,2024-09-22,Inactive,,2024-04-05,,German,REF123
80,Maria Lopez,60,maria.42@test.com,China,2023-01-25,Inactive,126.56,2025-07-08,4.8,German,REF202
81,Maria Lopez,46,maria.28@test.com,Mexico,2025-12-01,Active,124.22,2024-10-14,4.4,Mandarin,REF303
82,John Doe,,john.40@test.com,Mexico,2025-12-20,Active,136.52,2024-07-06,,English,REF101
83,Ahmed Ali,36,ahmed.70@example.com,Australia,2025-04-06,Active,,2025-11-25,,French,REF101
84,Emily Davis,59,emily.50@test.com,USA,2022-02-04,Inactive,94.34,2024-11-17,,English,REF101
85,Sophia Chen,,sophia.82@test.com,USA,2025-01-01,Active,180.48,2025-07-16,3.8,English,REF789
86,Maria Lopez,47,maria.94@demo.com,USA,2024-07-22,Active,,2025-06-04,4,English,REF303
87,Sophia Chen,,sophia.14@test.com,Mexico,2024-07-03,Active,145.94,2025-10-10,,German,NA
88,Sophia Chen,,sophia.27@test.com,UK,2025-04-13,Inactive,,2025-02-16,,German,REF303
89,Sophia Chen,,sophia.52@test.com,China,2024-07-20,Inactive,114.22,2025-09-04,,German,REF123
90,Sophia Chen,,sophia.18@example.com,Canada,2025-06-02,Inactive,,2024-11-05,4,Spanish,NA
91,Liam Wong,36,liam.90@test.com,UK,2023-11-20,Inactive,,2024-07-03,,French,REF789
92,Maria Lopez,,maria.44@example.com,Germany,2024-02-09,Inactive,,2024-06-20,4.2,Spanish,REF101
93,Tom Brown,,tom.40@test.com,Canada,2023-10-17,Inactive,,2025-02-26,,English,REF303
94,Ahmed Ali,,ahmed.40@demo.com,Australia,2024-10-26,Active,,2024-09-23,3.8,French,REF202
95,Jane Smith,32,jane.64@test.com,China,2024-10-20,Inactive,150.99,2025-02-03,,Mandarin,REF456
96,Sophia Chen,33,sophia.30@test.com,Mexico,2025-05-27,Active,193.66,2025-09-23,4.9,French,REF202
97,Jane Smith,27,jane.21@example.com,Canada,2025-07-17,Active,173.62,2025-07-02,3.7,French,REF123
98,Maria Lopez,,maria.64@test.com,Canada,2022-03-21,Active,,2024-12-06,4.5,English,REF303
99,Jane Smith,,jane.71@test.com,Germany,2023-04-08,Inactive,65.62,2024-06-22,4.7,German,REF789
100,Liam Wong,55,liam.84@test.com,Mexico,2022-02-22,Inactive,,2024-10-28,,English,REF202
101,Ahmed Ali,25,ahmed.17@demo.com,USA,2023-11-11,Inactive,162.71,2025-01-01,4.1,Arabic,REF456
102,Ahmed Ali,24,ahmed.84@demo.com,China,2022-04-23,Inactive,50.96,2024-02-09,4.4,Arabic,REF202
103,Sophia Chen,,sophia.91@test.com,Australia,2022-09-09,Active,,2024-09-13,5,Mandarin,REF101
104,Liam Wong,24,liam.79@example.com,UK,2023-10-18,Inactive,,2024-07-25,4.2,Arabic,REF101
105,John Doe,50,john.46@example.com,China,2023-02-18,Active,162.38,2024-01-08,,Spanish,NA
106,Tom Brown,26,tom.29@demo.com,Germany,2025-04-21,Inactive,109.86,2024-06-24,,French,NA
107,Jane Smith,22,jane.57@test.com,USA,2022-03-05,Active,,2024-04-07,4.9,Mandarin,REF123
108,Liam Wong,,liam.27@test.com,Canada,2024-10-02,Inactive,143.36,2024-11-22,4,German,REF456
109,Jane Smith,35,jane.11@example.com,Germany,2024-07-19,Inactive,,2025-01-04,,Arabic,REF456
110,Liam Wong,,liam.50@example.com,UK,2022-04-21,Active,,2024-07-10,,German,REF303
111,Ahmed Ali,24,ahmed.93@demo.com,Canada,2022-06-13,Active,,2025-08-09,,Mandarin,REF202
112,Ahmed Ali,,ahmed.58@demo.com,Egypt,2022-06-27,Active,,2024-01-25,4.1,English,REF123
113,John Doe,45,john.4@demo.com,Mexico,2024-02-11,Inactive,,2025-07-02,3.9,Mandarin,REF456
114,Liam Wong,47,liam.75@test.com,UK,2022-12-25,Inactive,149.89,2025-06-02,4.4,Mandarin,REF789
115,Emily Davis,39,emily.32@example.com,USA,2025-05-15,Inactive,107.47,2024-10-27,4,Arabic,REF202
116,Maria Lopez,,maria.94@test.com,Germany,2023-12-22,Inactive,,2025-01-14,,German,NA
117,John Doe,,john.40@example.com,Mexico,2025-05-09,Inactive,,2025-09-18,3.6,German,NA
118,John Doe,49,john.1@example.com,Germany,2022-08-27,Inactive,,2025-02-25,4.6,Spanish,REF303
119,Ahmed Ali,,ahmed.32@test.com,UK,2025-11-06,Inactive,,2024-02-17,4.6,English,REF123
120,Tom Brown,,tom.62@example.com,China,2025-04-01,Inactive,122.54,2024-02-10,,Spanish,REF101
121,Jane Smith,,jane.26@demo.com,Egypt,2023-05-16,Inactive,98.76,2024-05-21,4,English,REF101
122,Sophia Chen,25,sophia.89@example.com,Egypt,2024-06-02,Inactive,,2024-01-12,4.3,Spanish,REF202
123,Sophia Chen,,sophia.78@example.com,Australia,2022-04-11,Inactive,,2025-01-09,,French,REF456
124,Maria Lopez,,maria.91@example.com,China,2023-01-16,Inactive,,2024-07-06,4.8,German,NA
125,Maria Lopez,59,maria.47@example.com,Mexico,2024-05-01,Active,,2025-02-26,4,French,REF789
126,Ahmed Ali,22,ahmed.63@test.com,Egypt,2023-12-17,Inactive,116.64,2024-02-17,,Arabic,REF789
127,Sophia Chen,,sophia.76@demo.com,Egypt,2023-04-10,Active,,2025-04-18,,German,REF202
128,Sophia Chen,21,sophia.5@example.com,UK,2023-12-28,Active,149.28,2024-12-22,3.6,German,REF123
129,Jane Smith,,jane.86@test.com,Mexico,2024-06-18,Active,,2024-06-03,3.6,German,REF789
130,Liam Wong,,liam.35@test.com,USA,2023-10-09,Inactive,66.94,2025-05-21,4,Arabic,REF202
131,John Doe,,john.25@demo.com,Canada,2025-08-08,Active,132.44,2024-03-13,4.7,Arabic,REF303
132,Emily Davis,32,emily.15@demo.com,USA,2023-04-11,Inactive,199.61,2025-07-08,,Mandarin,NA
133,Ahmed Ali,,ahmed.77@demo.com,Canada,2023-03-22,Active,84.22,2024-10-17,,Arabic,REF303
134,Emily Davis,,emily.48@example.com,Germany,2025-12-01,Active,65.76,2025-09-05,,French,REF303
135,Emily Davis,25,emily.95@demo.com,Egypt,2023-05-13,Active,186.56,2025-10-20,,Arabic,NA
136,Jane Smith,,jane.55@test.com,Australia,2025-10-25,Active,,2025-10-06,,Mandarin,REF101
137,Liam Wong,46,liam.78@example.com,China,2025-03-19,Inactive,,2024-07-13,,English,REF303
138,Sophia Chen,,sophia.67@example.com,UK,2023-11-13,Active,51.22,2024-06-10,3.5,Mandarin,REF789
139,John Doe,57,john.8@example.com,Germany,2022-06-11,Active,83.59,2025-04-08,4.2,German,REF456
140,Tom Brown,,tom.88@test.com,UK,2024-02-23,Inactive,111.06,2025-04-02,,Spanish,NA
141,Jane Smith,,jane.98@example.com,Australia,2025-08-02,Active,162.96,2025-12-25,,English,REF456
142,Jane Smith,21,jane.89@test.com,Mexico,2024-07-19,Inactive,,2024-07-03,4,Spanish,REF202
143,Maria Lopez,,maria.20@test.com,UK,2024-03-27,Inactive,,2024-07-01,4.2,German,NA
144,Tom Brown,43,tom.26@demo.com,Australia,2025-07-11,Inactive,,2024-11-02,4.9,Arabic,REF456
145,Ahmed Ali,55,ahmed.100@test.com,UK,2025-04-11,Inactive,,2025-09-27,,Mandarin,REF101
146,Liam Wong,,liam.92@test.com,Egypt,2023-02-08,Inactive,197.92,2024-07-05,,Arabic,REF456
147,Emily Davis,30,emily.22@example.com,Mexico,2022-07-02,Inactive,83.15,2025-03-26,,Arabic,REF123
148,Emily Davis,,emily.96@demo.com,Mexico,2024-08-12,Inactive,174.39,2024-01-18,,German,REF456
149,Ahmed Ali,,ahmed.92@demo.com,Australia,2025-12-09,Inactive,,2024-06-10,3.6,German,NA
150,John Doe,,john.55@test.com,China,2025-04-03,Inactive,190.79,2024-12-02,3.8,Mandarin,NA
151,Tom Brown,35,tom.98@demo.com,Australia,2025-01-02,Inactive,,2025-10-17,4.6,Arabic,REF123
152,Sophia Chen,,sophia.33@test.com,UK,2022-05-14,Active,123.45,2025-06-14,,Mandarin,REF123
153,Maria Lopez,38,maria.91@demo.com,Australia,2024-12-10,Inactive,133.65,2025-01-12,3.8,English,REF456
154,Emily Davis,41,emily.6@example.com,Germany,2025-07-26,Active,153.95,2025-04-14,,English,REF101
155,Sophia Chen,35,sophia.59@demo.com,Canada,2024-01-23,Active,84.02,2024-03-12,3.9,Arabic,REF101
156,Tom Brown,47,tom.68@demo.com,Canada,2025-05-07,Inactive,,2025-03-06,,Mandarin,REF303
157,John Doe,25,john.24@demo.com,Canada,2024-12-11,Active,158.66,2025-11-14,,Mandarin,REF123
158,Emily Davis,55,emily.39@test.com,UK,2024-11-12,Active,,2025-12-21,,Mandarin,REF303
159,Jane Smith,38,jane.88@test.com,China,2025-05-10,Active,,2025-12-18,4.5,Arabic,REF303
160,Sophia Chen,,sophia.36@test.com,Egypt,2022-04-01,Active,174.93,2024-10-05,,Mandarin,REF123
161,Liam Wong,51,liam.39@test.com,Germany,2022-03-03,Active,,2024-05-08,,Spanish,REF456
162,John Doe,,john.54@example.com,Germany,2022-03-07,Inactive,,2024-06-24,,Spanish,REF123
163,John Doe,,john.2@example.com,UK,2024-10-14,Active,,2025-04-05,,French,REF789
164,Tom Brown,,tom.79@example.com,Germany,2022-09-27,Active,57.88,2024-06-21,3.8,Mandarin,REF123
165,Jane Smith,,jane.58@example.com,USA,2025-08-27,Active,,2024-02-19,4.3,Spanish,NA
166,Tom Brown,,tom.22@example.com,Egypt,2024-01-18,Active,,2024-11-10,,German,REF123
167,Emily Davis,40,emily.8@test.com,Canada,2024-06-12,Active,,2024-07-15,4.4,French,REF101
168,John Doe,,john.36@example.com,Canada,2025-03-13,Inactive,82.7,2024-09-20,,German,REF789
169,Liam Wong,28,liam.20@test.com,Canada,2022-10-15,Inactive,152.39,2025-09-17,,German,REF123
170,Ahmed Ali,56,ahmed.40@demo.com,Germany,2023-02-03,Active,,2024-04-17,4.4,Arabic,REF101
171,John Doe,47,john.97@demo.com,Australia,2022-11-22,Active,172.32,2025-10-21,,English,REF202
172,Jane Smith,,jane.100@demo.com,Australia,2022-09-13,Inactive,154.13,2025-09-18,,French,REF202
173,Maria Lopez,22,maria.19@test.com,Canada,2023-10-08,Inactive,74.32,2024-01-28,,German,REF456
174,Liam Wong,,liam.38@demo.com,Canada,2023-11-28,Inactive,86.67,2024-01-22,,French,REF303
175,Maria Lopez,35,maria.43@test.com,Germany,2022-09-15,Inactive,157.35,2025-05-17,4.5,English,REF456
176,Emily Davis,,emily.17@example.com,Mexico,2025-12-04,Inactive,,2025-10-08,,Mandarin,REF456
177,Liam Wong,,liam.6@example.com,Germany,2024-06-13,Inactive,,2024-06-27,3.7,English,REF123
178,Sophia Chen,53,sophia.92@test.com,Mexico,2024-01-17,Inactive,107.72,2024-11-20,,English,NA
179,Emily Davis,,emily.96@test.com,Germany,2025-02-10,Inactive,,2025-08-12,4,English,REF456
180,Maria Lopez,37,maria.49@example.com,China,2023-06-10,Inactive,,2024-06-06,,English,REF202
181,Jane Smith,,jane.41@test.com,China,2025-02-28,Inactive,,2024-03-06,,English,REF101
182,Emily Davis,,emily.20@test.com,Mexico,2023-06-10,Active,,2025-09-02,4,Arabic,REF123
183,Ahmed Ali,,ahmed.35@example.com,China,2022-03-06,Active,50.97,2024-03-22,,Mandarin,REF123
184,Ahmed Ali,,ahmed.12@example.com,UK,2023-02-26,Inactive,98.13,2025-09-26,3.5,Mandarin,REF101
185,Maria Lopez,33,maria.57@example.com,Australia,2024-03-05,Active,162.15,2024-02-01,4.9,Arabic,REF456
186,Jane Smith,57,jane.24@test.com,UK,2023-01-19,Active,,2024-04-16,4.6,French,REF303
187,Tom Brown,,tom.20@demo.com,USA,2024-08-05,Active,60.38,2024-04-06,,French,NA
188,Tom Brown,45,tom.85@test.com,Canada,2025-10-13,Active,90.08,2025-04-24,,Spanish,REF789
189,Emily Davis,,emily.40@example.com,USA,2022-02-06,Active,,2025-01-07,3.9,French,REF123
190,John Doe,58,john.3@demo.com,China,2024-01-01,Active,,2024-08-27,3.8,French,REF303
191,Liam Wong,,liam.11@test.com,Egypt,2025-02-19,Active,,2025-01-06,4.7,Arabic,REF101
192,John Doe,23,john.83@test.com,Egypt,2025-11-09,Active,,2024-03-22,,Spanish,REF456
193,Sophia Chen,58,sophia.47@example.com,Australia,2022-05-23,Active,,2024-02-16,,Arabic,REF202
194,Emily Davis,39,emily.66@demo.com,UK,2023-06-23,Inactive,,2024-03-25,,German,REF101
195,Tom Brown,21,tom.41@demo.com,Mexico,2023-01-18,Inactive,,2024-10-15,,Mandarin,REF303
196,Emily Davis,37,emily.77@demo.com,China,2023-04-05,Inactive,54.24,2025-01-09,,Mandarin,REF303
197,Jane Smith,,jane.9@demo.com,Egypt,2023-11-13,Active,,2024-05-13,,French,REF202
198,Jane Smith,,jane.49@example.com,Egypt,2024-06-14,Active,125.64,2025-02-10,4.1,English,NA
199,Maria Lopez,56,maria.33@demo.com,China,2023-02-10,Active,,2024-02-11,,Spanish,REF202
200,Emily Davis,,emily.38@example.com,Mexico,2025-05-22,Active,,2024-12-24,,French,REF123
201,Maria Lopez,57,maria.37@test.com,UK,2025-09-17,Active,79.52,2025-03-13,,English,REF303
202,Emily Davis,,emily.40@example.com,Mexico,2025-04-16,Active,,2025-07-05,3.8,Arabic,REF202
203,Liam Wong,34,liam.30@example.com,Canada,2023-09-16,Inactive,108.22,2024-02-01,,German,REF303
204,Maria Lopez,,maria.73@example.com,Germany,2025-02-21,Inactive,,2024-02-08,3.9,Mandarin,NA
205,Liam Wong,,liam.87@demo.com,Canada,2022-03-01,Active,,2025-02-13,3.6,Spanish,REF202
206,John Doe,,john.15@demo.com,USA,2022-04-23,Active,170.28,2025-12-16,4.3,French,REF456
207,Sophia Chen,36,sophia.100@example.com,UK,2023-03-14,Inactive,130.5,2025-08-18,3.7,Arabic,REF202
208,Maria Lopez,,maria.74@demo.com,Canada,2023-06-26,Active,,2025-07-13,4.5,French,REF456
209,Tom Brown,,tom.15@demo.com,China,2025-02-08,Inactive,,2024-05-05,4.7,French,REF789
210,Liam Wong,32,liam.12@demo.com,Canada,2025-11-14,Inactive,,2024-05-10,4.2,French,REF303
211,Emily Davis,55,emily.81@example.com,Germany,2022-09-20,Active,144.44,2025-03-10,,Spanish,REF456
212,Emily Davis,45,emily.45@test.com,Mexico,2025-03-27,Active,,2025-11-09,4.3,Mandarin,REF202
213,Sophia Chen,,sophia.64@test.com,USA,2024-02-06,Active,68.34,2024-10-20,4.1,Spanish,REF456
214,Ahmed Ali,,ahmed.45@demo.com,Australia,2025-01-08,Inactive,,2024-05-12,4.9,Arabic,REF303
215,John Doe,,john.50@example.com,Egypt,2024-07-09,Active,,2025-02-19,,Arabic,REF789
216,Jane Smith,29,jane.54@test.com,Germany,2023-12-08,Inactive,95.75,2024-05-23,4.9,Arabic,REF101
217,Ahmed Ali,,ahmed.40@example.com,Mexico,2023-07-10,Active,98.73,2024-01-19,,German,REF101
218,Emily Davis,,emily.24@example.com,Germany,2023-08-05,Inactive,,2024-01-26,,English,REF456
219,Ahmed Ali,,ahmed.21@test.com,Germany,2022-04-16,Active,,2025-07-11,4.8,Spanish,REF456
220,Liam Wong,,liam.39@demo.com,Australia,2025-01-18,Active,193.48,2025-05-20,4.1,French,REF303
221,Ahmed Ali,50,ahmed.42@example.com,Egypt,2025-09-02,Inactive,168.39,2025-09-13,,English,REF123
222,Liam Wong,44,liam.83@test.com,USA,2025-07-22,Inactive,169.27,2024-09-18,,Spanish,NA
223,Ahmed Ali,56,ahmed.68@example.com,Mexico,2023-06-11,Inactive,,2025-02-03,4.4,French,REF303
224,Maria Lopez,,maria.76@test.com,China,2024-11-15,Active,,2024-07-11,4.9,English,REF101
225,Ahmed Ali,,ahmed.1@example.com,Germany,2022-10-04,Active,,2025-04-15,,French,NA
226,Sophia Chen,,sophia.80@demo.com,Canada,2025-02-06,Active,,2024-07-13,,Arabic,NA
227,Sophia Chen,,sophia.53@example.com,UK,2025-01-13,Active,,2025-04-16,,Arabic,REF789
228,John Doe,,john.5@demo.com,Australia,2025-09-20,Inactive,195.29,2024-12-11,3.8,French,REF303
229,Ahmed Ali,,ahmed.31@test.com,USA,2024-01-19,Inactive,139.92,2025-09-15,,Arabic,REF456
230,Maria Lopez,47,maria.43@test.com,USA,2022-10-11,Inactive,,2025-12-02,,German,REF456
231,Jane Smith,57,jane.96@demo.com,Mexico,2022-06-13,Inactive,,2024-12-15,3.6,English,REF101
232,Jane Smith,43,jane.69@example.com,Germany,2023-04-16,Active,,2024-07-22,,French,REF123
233,Maria Lopez,,maria.76@test.com,USA,2024-03-11,Active,,2025-08-15,,Mandarin,REF456
234,Liam Wong,52,liam.60@test.com,Australia,2023-05-23,Inactive,,2025-02-16,,English,REF456
235,Tom Brown,26,tom.34@demo.com,China,2023-11-07,Inactive,,2025-06-03,,Arabic,REF123
236,Jane Smith,21,jane.29@example.com,Canada,2022-12-17,Active,,2024-04-02,,English,REF202
237,John Doe,28,john.96@example.com,Germany,2024-01-09,Active,82,2024-02-03,,Spanish,REF456
238,Emily Davis,27,emily.4@example.com,China,2022-12-21,Active,,2024-07-26,4,English,REF123
239,Emily Davis,46,emily.15@test.com,USA,2023-04-18,Active,119.58,2024-11-15,,Spanish,NA
240,Jane Smith,38,jane.90@example.com,Mexico,2023-01-23,Inactive,93.02,2024-02-03,,French,REF101
241,John Doe,,john.50@test.com,Canada,2025-02-28,Active,,2025-08-07,4.4,Mandarin,REF123
242,Sophia Chen,,sophia.48@demo.com,Germany,2025-04-16,Inactive,185.87,2025-02-05,,Spanish,REF123
243,Tom Brown,53,tom.31@test.com,Australia,2022-02-11,Active,,2024-12-01,3.7,French,REF789
244,Sophia Chen,43,sophia.25@test.com,Canada,2025-12-11,Inactive,79.03,2024-08-07,,English,REF789
245,Liam Wong,,liam.5@example.com,UK,2024-08-20,Active,,2024-10-22,,Spanish,REF303
246,Jane Smith,,jane.54@demo.com,Germany,2023-07-26,Inactive,,2024-01-14,4.8,Arabic,REF456
247,Emily Davis,,emily.43@test.com,China,2023-08-13,Active,,2025-07-19,,Arabic,NA
248,Emily Davis,,emily.45@test.com,Germany,2025-04-01,Active,,2025-06-16,4.4,Spanish,REF123
249,Jane Smith,,jane.14@example.com,China,2022-08-14,Active,67.6,2025-07-27,3.8,English,REF456
250,Sophia Chen,,sophia.98@example.com,Australia,2023-01-27,Inactive,,2025-02-06,4.6,Spanish,REF789
251,Tom Brown,,tom.79@example.com,Germany,2023-01-01,Inactive,144.39,2024-09-08,,English,REF456
252,Sophia Chen,43,sophia.77@demo.com,Mexico,2022-02-15,Inactive,84.84,2024-12-22,4.8,English,REF123
253,Tom Brown,50,tom.57@test.com,Egypt,2024-04-18,Inactive,84.01,2024-08-17,3.6,Arabic,REF456
254,Sophia Chen,42,sophia.43@example.com,Australia,2024-02-03,Active,,2024-08-12,,Arabic,REF456
255,Jane Smith,,jane.48@demo.com,USA,2022-09-10,Active,,2025-03-06,,English,REF303
256,John Doe,50,john.51@example.com,China,2025-01-10,Active,65,2025-12-03,,German,REF202
257,Ahmed Ali,30,ahmed.85@demo.com,UK,2025-08-01,Active,86.99,2024-05-11,,English,REF101
258,Maria Lopez,,maria.83@demo.com,Australia,2022-04-24,Active,,2024-03-25,,Spanish,REF789
259,Maria Lopez,21,maria.46@example.com,Egypt,2022-04-07,Active,68.04,2025-11-08,4.8,Mandarin,REF202
260,Sophia Chen,,sophia.27@test.com,Canada,2023-03-22,Active,57.78,2025-11-26,,Mandarin,REF789
261,Maria Lopez,33,maria.36@example.com,China,2022-05-04,Inactive,,2024-01-17,3.6,English,NA
262,Liam Wong,21,liam.7@example.com,Egypt,2023-07-16,Inactive,,2024-10-09,4.8,French,REF789
263,Maria Lopez,54,maria.36@test.com,Egypt,2023-01-16,Active,108.35,2025-05-10,,French,NA
264,Maria Lopez,,maria.33@test.com,Egypt,2024-03-06,Inactive,129.06,2024-12-15,5,Spanish,REF303
265,Ahmed Ali,38,ahmed.35@test.com,Germany,2022-10-23,Active,,2024-09-08,3.9,Arabic,REF456
266,Maria Lopez,20,maria.58@demo.com,UK,2025-03-15,Active,,2025-09-07,4,Arabic,REF101
267,Maria Lopez,56,maria.14@example.com,Australia,2025-01-11,Inactive,,2025-01-22,,German,REF456
268,Maria Lopez,45,maria.90@test.com,UK,2022-04-17,Inactive,,2025-08-06,,Spanish,REF123
269,Jane Smith,44,jane.42@example.com,UK,2024-11-13,Active,,2025-11-25,4.2,English,NA
270,Maria Lopez,40,maria.97@example.com,Germany,2024-06-14,Active,163.01,2025-07-23,,English,REF303
271,Emily Davis,,emily.46@test.com,Germany,2025-08-15,Active,,2025-04-13,,English,REF123
272,John Doe,58,john.84@example.com,China,2023-05-19,Inactive,,2024-11-13,,Arabic,REF202
273,Emily Davis,38,emily.79@demo.com,Egypt,2023-11-02,Active,73.85,2025-10-24,3.5,English,REF123
274,Maria Lopez,,maria.1@example.com,UK,2022-09-04,Inactive,,2025-08-02,,French,REF202
275,John Doe,,john.22@test.com,USA,2022-08-01,Active,,2025-07-26,4.7,French,NA
276,Emily Davis,,emily.82@demo.com,USA,2024-07-23,Inactive,,2024-06-18,,Mandarin,REF456
277,Sophia Chen,47,sophia.12@example.com,Canada,2024-07-18,Active,103.58,2025-11-17,4.8,German,REF202
278,Tom Brown,,tom.27@example.com,Germany,2022-05-20,Inactive,,2025-08-23,,Mandarin,REF123
279,Sophia Chen,50,sophia.21@test.com,USA,2023-09-25,Active,,2025-01-21,4.4,Spanish,REF789
280,Jane Smith,53,jane.91@demo.com,Australia,2025-03-12,Active,,2024-12-01,,German,REF303
281,Emily Davis,50,emily.74@test.com,Egypt,2023-02-10,Inactive,91.96,2024-06-05,,Mandarin,REF202
282,Tom Brown,37,tom.40@example.com,Egypt,2025-07-16,Active,148.61,2024-02-18,,German,REF123
283,Tom Brown,42,tom.23@example.com,Canada,2025-02-26,Active,58.04,2025-04-02,3.6,Mandarin,NA
284,Ahmed Ali,52,ahmed.15@demo.com,Mexico,2025-06-03,Inactive,98.66,2025-04-16,4.3,French,REF303
285,Jane Smith,24,jane.18@demo.com,UK,2022-01-21,Inactive,165.69,2025-11-06,,French,REF202
286,Emily Davis,,emily.91@example.com,Mexico,2025-12-14,Inactive,173.41,2025-08-14,,Spanish,NA
287,Liam Wong,,liam.3@example.com,Australia,2022-09-24,Inactive,,2024-09-26,4.7,Arabic,REF789
288,Maria Lopez,,maria.60@test.com,Germany,2024-10-27,Inactive,183.89,2025-04-02,3.6,Arabic,REF789
289,Tom Brown,,tom.65@test.com,Mexico,2024-12-25,Active,,2025-01-20,,Arabic,REF202
290,Sophia Chen,49,sophia.35@example.com,Egypt,2023-02-13,Active,85.74,2024-06-10,4.1,French,REF789
291,Maria Lopez,,maria.24@test.com,Germany,2024-03-05,Inactive,,2025-03-19,,Mandarin,REF101
292,Liam Wong,21,liam.58@example.com,Canada,2022-10-10,Active,,2025-11-08,,French,REF202
293,Emily Davis,,emily.39@test.com,China,2025-01-11,Active,197.06,2024-01-15,,Arabic,REF123
294,Jane Smith,,jane.18@test.com,UK,2022-02-14,Inactive,111.88,2025-09-13,3.8,Spanish,REF101
295,Sophia Chen,,sophia.5@example.com,Germany,2023-05-26,Inactive,,2024-12-03,4,Arabic,REF123
296,Sophia Chen,,sophia.55@example.com,Australia,2022-12-11,Active,102.78,2025-02-23,4.7,Spanish,REF303
297,Maria Lopez,,maria.7@test.com,Australia,2023-09-27,Inactive,54.62,2025-01-16,3.7,French,REF202
298,Maria Lopez,,maria.3@test.com,USA,2023-10-13,Inactive,,2025-07-25,,Mandarin,REF789
299,Maria Lopez,24,maria.76@example.com,Mexico,2022-09-16,Active,166.56,2024-04-19,3.6,Spanish,REF789
300,John Doe,34,john.43@demo.com,Germany,2022-08-09,Inactive,,2024-05-18,4.1,Mandarin,REF101
301,Maria Lopez,,maria.52@example.com,Egypt,2023-12-03,Inactive,,2024-01-14,,French,REF303
302,Sophia Chen,22,sophia.12@example.com,Australia,2022-11-21,Inactive,119.7,2024-03-28,3.7,German,REF123
303,John Doe,,john.91@test.com,Australia,2023-01-21,Inactive,93.09,2024-12-18,,Spanish,REF202
304,Sophia Chen,53,sophia.59@example.com,Canada,2022-09-07,Inactive,,2025-01-02,,German,REF202
305,Ahmed Ali,,ahmed.28@demo.com,Mexico,2025-08-19,Inactive,144.92,2024-03-07,,German,REF789
306,John Doe,44,john.7@test.com,Canada,2025-03-20,Active,,2025-09-03,3.6,French,REF101
307,John Doe,53,john.43@demo.com,USA,2022-07-23,Inactive,57.72,2025-04-24,,Arabic,REF303
308,John Doe,49,john.67@demo.com,Egypt,2024-11-04,Active,,2025-01-24,4.8,Mandarin,REF303
309,John Doe,20,john.12@test.com,Mexico,2023-05-17,Inactive,50.75,2024-06-16,4.4,Arabic,REF456
310,John Doe,24,john.88@demo.com,UK,2024-08-14,Active,,2025-05-02,4.1,Mandarin,REF789
311,Maria Lopez,32,maria.75@test.com,UK,2024-09-26,Inactive,,2025-10-28,,English,REF456
312,Jane Smith,57,jane.15@example.com,Australia,2022-10-07,Active,75.4,2025-03-19,3.8,Mandarin,REF303
313,Jane Smith,24,jane.96@demo.com,China,2023-12-15,Inactive,,2025-11-16,,German,REF123
314,Jane Smith,32,jane.7@demo.com,UK,2022-04-28,Active,,2024-09-21,,Arabic,REF123
315,Liam Wong,42,liam.99@test.com,Germany,2023-07-28,Active,86.97,2024-12-23,,Spanish,REF303
316,Sophia Chen,,sophia.91@example.com,China,2024-03-18,Inactive,96.26,2025-08-05,3.7,German,REF123
317,Maria Lopez,,maria.40@example.com,Australia,2025-05-07,Active,105.26,2025-03-25,,Spanish,REF202
318,Maria Lopez,60,maria.14@demo.com,Egypt,2023-03-26,Inactive,,2024-11-25,4.6,Mandarin,NA
319,Sophia Chen,42,sophia.88@test.com,UK,2024-09-18,Active,,2025-11-19,,Arabic,REF789
320,Ahmed Ali,24,ahmed.11@example.com,USA,2022-04-27,Inactive,,2025-09-20,4.3,French,REF789
321,Tom Brown,,tom.24@example.com,Mexico,2023-10-24,Active,188.25,2025-11-06,,Mandarin,REF789
322,Sophia Chen,46,sophia.2@test.com,Egypt,2025-02-28,Inactive,72.97,2024-06-22,,Spanish,REF303
323,Sophia Chen,59,sophia.33@demo.com,USA,2022-04-12,Active,,2025-02-23,,German,REF202
324,Liam Wong,,liam.87@example.com,UK,2024-02-18,Active,,2025-01-09,,Arabic,REF789
325,Emily Davis,35,emily.67@example.com,Australia,2025-07-14,Inactive,197.73,2024-12-13,4.7,Arabic,REF456
326,John Doe,47,john.73@demo.com,Mexico,2025-06-12,Active,,2024-04-14,,Spanish,NA
327,John Doe,38,john.40@test.com,Canada,2023-05-16,Inactive,,2024-07-28,,Mandarin,REF101
328,Ahmed Ali,31,ahmed.48@test.com,UK,2023-05-10,Inactive,76.03,2025-07-14,,Arabic,NA
329,Jane Smith,40,jane.62@test.com,Mexico,2023-06-06,Active,106.2,2024-10-27,4.8,Arabic,NA
330,Maria Lopez,60,maria.62@demo.com,Canada,2024-01-07,Active,,2025-04-07,,English,NA
331,Liam Wong,41,liam.20@test.com,Canada,2022-08-10,Active,130.46,2025-11-11,,English,REF101
332,Sophia Chen,,sophia.93@test.com,USA,2023-10-10,Active,,2024-09-21,,German,REF456
333,Sophia Chen,,sophia.14@example.com,Australia,2023-01-23,Inactive,89.71,2025-11-15,,Mandarin,REF123
334,Tom Brown,36,tom.94@demo.com,China,2023-03-24,Inactive,,2025-07-10,,French,REF303
335,Ahmed Ali,31,ahmed.42@test.com,Egypt,2024-04-09,Inactive,192.42,2025-01-16,4.6,Mandarin,REF789
336,Liam Wong,38,liam.3@demo.com,UK,2022-08-03,Inactive,,2025-12-18,3.6,Mandarin,REF101
337,Ahmed Ali,,ahmed.34@example.com,Canada,2023-08-26,Inactive,64.38,2025-05-09,4,French,NA
338,Ahmed Ali,,ahmed.15@demo.com,China,2023-05-03,Inactive,,2024-12-23,,German,REF123
339,Sophia Chen,,sophia.79@test.com,USA,2024-11-15,Inactive,176.74,2025-06-22,4.8,Arabic,REF303
340,Sophia Chen,49,sophia.10@demo.com,USA,2025-11-21,Active,,2024-02-16,,German,REF123
341,Maria Lopez,48,maria.73@demo.com,Canada,2025-11-02,Active,,2024-07-03,4.7,French,REF303
342,John Doe,44,john.78@demo.com,Germany,2025-12-10,Active,74.06,2025-11-11,4.2,Spanish,REF101
343,Liam Wong,29,liam.44@test.com,China,2025-04-03,Active,,2025-11-01,,Spanish,REF101
344,Emily Davis,,emily.44@example.com,Canada,2023-05-28,Inactive,68.67,2024-07-22,4.8,Arabic,REF123
345,John Doe,,john.63@demo.com,Egypt,2024-12-06,Active,193.1,2025-08-24,,German,REF101
346,John Doe,,john.80@example.com,USA,2024-12-11,Inactive,192.96,2024-04-23,3.5,German,NA
347,Maria Lopez,,maria.53@demo.com,Canada,2022-11-23,Inactive,,2025-12-23,,Arabic,REF456
348,Jane Smith,,jane.89@test.com,China,2023-01-26,Inactive,,2025-05-13,4.8,Spanish,REF123
349,Maria Lopez,,maria.89@example.com,China,2023-05-25,Inactive,,2025-02-14,,Spanish,NA
350,Liam Wong,,liam.24@demo.com,Egypt,2023-05-10,Active,113.11,2024-06-11,,Arabic,REF202
351,Liam Wong,57,liam.10@demo.com,Egypt,2023-05-25,Inactive,,2025-09-11,3.8,English,REF789
352,Maria Lopez,,maria.12@example.com,Mexico,2025-05-23,Inactive,,2025-02-18,,Mandarin,REF101
353,Sophia Chen,,sophia.56@test.com,Germany,2025-06-24,Active,,2024-12-07,4,French,REF101
354,Ahmed Ali,,ahmed.98@test.com,China,2022-10-10,Active,118.06,2025-11-08,4.5,English,REF303
355,Maria Lopez,,maria.51@demo.com,Canada,2025-12-27,Inactive,,2025-05-14,3.8,Arabic,REF202
356,Ahmed Ali,24,ahmed.13@demo.com,Australia,2024-06-15,Active,74.68,2024-04-25,,Mandarin,REF202
357,Maria Lopez,,maria.84@test.com,UK,2022-08-06,Inactive,,2025-07-08,,Mandarin,REF101
358,Maria Lopez,,maria.92@demo.com,Mexico,2022-05-08,Active,,2025-12-12,3.6,English,REF789
359,Jane Smith,,jane.66@demo.com,Canada,2025-11-19,Active,171.19,2024-10-02,,French,REF456
360,Tom Brown,,tom.4@test.com,China,2022-01-16,Inactive,,2025-11-23,4.3,English,REF101
361,Emily Davis,,emily.87@demo.com,Egypt,2023-03-06,Active,67.32,2024-03-11,,Spanish,REF202
362,Maria Lopez,,maria.72@test.com,UK,2023-05-26,Inactive,65.65,2024-06-13,,Arabic,REF202
363,Liam Wong,44,liam.54@test.com,Mexico,2024-03-01,Inactive,,2025-03-21,4.1,Mandarin,REF303
364,Emily Davis,60,emily.60@example.com,Egypt,2023-11-10,Inactive,52.31,2024-01-04,4.5,German,NA
365,Liam Wong,,liam.14@test.com,Canada,2023-09-18,Inactive,,2024-07-11,4.9,Arabic,REF789
366,Emily Davis,,emily.17@example.com,Mexico,2023-04-11,Active,,2024-04-17,,Arabic,REF303
367,Emily Davis,,emily.74@example.com,Egypt,2025-01-16,Active,183.3,2024-08-26,,Mandarin,REF202
368,John Doe,,john.63@demo.com,USA,2023-08-06,Active,,2024-11-17,4.9,French,REF123
369,Tom Brown,,tom.73@demo.com,Germany,2022-11-22,Inactive,123.83,2025-09-24,,French,REF456
370,Maria Lopez,24,maria.66@demo.com,China,2023-09-12,Inactive,119.96,2024-04-18,,English,REF101
371,Jane Smith,,jane.12@demo.com,USA,2025-12-12,Inactive,,2025-08-02,,French,REF202
372,Jane Smith,32,jane.98@example.com,Germany,2023-06-23,Active,51.35,2024-02-22,4.9,Mandarin,REF456
373,John Doe,48,john.92@test.com,UK,2022-12-28,Inactive,,2024-09-11,4.4,German,REF101
374,Liam Wong,,liam.22@test.com,Mexico,2023-12-09,Active,,2025-03-28,5,Arabic,REF456
375,Emily Davis,,emily.36@demo.com,USA,2023-05-20,Active,,2024-08-15,,German,REF456
376,Ahmed Ali,,ahmed.83@example.com,Mexico,2024-06-11,Inactive,149.18,2024-09-14,,French,REF456
377,Ahmed Ali,55,ahmed.94@example.com,UK,2023-01-18,Inactive,,2024-02-27,,Spanish,REF123
378,Maria Lopez,,maria.26@demo.com,Egypt,2023-02-26,Active,,2024-01-05,,Spanish,REF101
379,Sophia Chen,,sophia.71@example.com,USA,2025-12-11,Active,,2024-11-27,4.9,English,REF789
380,Tom Brown,36,tom.76@demo.com,China,2025-03-19,Active,,2025-01-11,4,Spanish,REF456
381,Jane Smith,49,jane.39@test.com,USA,2023-12-04,Inactive,,2025-09-12,,French,REF123
382,Ahmed Ali,,ahmed.4@test.com,UK,2024-10-22,Active,,2024-08-08,3.9,English,REF101
383,Maria Lopez,,maria.74@demo.com,UK,2022-05-27,Active,95.84,2024-09-21,3.6,French,REF789
384,Liam Wong,,liam.45@demo.com,Canada,2025-02-13,Inactive,74.12,2024-11-13,,English,REF303
385,Jane Smith,,jane.59@example.com,USA,2023-07-09,Inactive,,2024-03-16,4,Spanish,REF303
386,Liam Wong,,liam.95@example.com,Egypt,2024-10-02,Inactive,,2024-08-07,4.8,Spanish,REF303
387,Sophia Chen,53,sophia.30@example.com,Egypt,2023-12-14,Active,106.24,2025-05-09,,Arabic,REF303
388,John Doe,,john.10@example.com,USA,2023-05-02,Active,167.31,2024-01-18,4.6,English,REF789
389,John Doe,34,john.61@demo.com,UK,2022-08-03,Active,150.21,2024-03-11,3.7,Mandarin,REF202
390,Liam Wong,58,liam.90@demo.com,Egypt,2023-01-15,Active,,2024-06-13,4.4,German,REF456
391,Ahmed Ali,,ahmed.2@test.com,Canada,2024-01-02,Active,,2024-07-21,4.3,Spanish,REF789
392,Emily Davis,31,emily.78@example.com,Egypt,2025-06-03,Active,,2024-11-28,4.4,English,REF101
393,Ahmed Ali,38,ahmed.32@test.com,Mexico,2024-01-01,Active,173.17,2025-10-20,,English,REF303
394,Sophia Chen,,sophia.65@example.com,Mexico,2024-02-05,Inactive,,2024-08-19,5,English,REF789
395,Tom Brown,,tom.42@demo.com,China,2025-08-28,Active,,2024-12-26,,Arabic,REF101
396,Maria Lopez,52,maria.19@test.com,Mexico,2023-05-15,Inactive,127.28,2024-11-17,,English,REF303
397,Liam Wong,,liam.53@example.com,USA,2024-07-02,Inactive,137.11,2024-11-07,,Mandarin,REF202
398,Tom Brown,,tom.47@example.com,Germany,2022-06-24,Inactive,191.64,2025-12-26,,German,REF303
399,John Doe,31,john.35@example.com,Mexico,2025-05-28,Active,,2024-05-16,,Arabic,REF456
400,Sophia Chen,,sophia.62@demo.com,Germany,2024-03-28,Inactive,136.75,2024-08-20,4.4,English,NA
401,Tom Brown,,tom.27@example.com,USA,2025-06-20,Active,,2024-04-19,,German,NA
402,Emily Davis,,emily.29@demo.com,Mexico,2025-12-08,Inactive,,2025-02-14,4.8,German,REF101
403,Jane Smith,,jane.14@demo.com,Mexico,2025-08-14,Inactive,69.2,2025-09-09,,German,REF456
404,Tom Brown,,tom.44@demo.com,Mexico,2023-12-05,Active,113.14,2024-07-03,,Mandarin,REF101
405,Jane Smith,,jane.46@example.com,USA,2024-05-25,Inactive,161.22,2024-04-03,,Spanish,REF303
406,Tom Brown,32,tom.40@demo.com,Canada,2024-03-04,Active,,2025-01-27,,Spanish,NA
407,Liam Wong,54,liam.61@example.com,Canada,2024-01-14,Inactive,123.63,2024-12-09,,Arabic,REF456
408,Maria Lopez,55,maria.25@demo.com,Canada,2024-11-24,Active,,2024-10-27,3.9,English,REF303
409,Liam Wong,58,liam.57@test.com,Australia,2023-02-09,Active,,2024-03-10,4.7,Arabic,NA
410,Tom Brown,36,tom.13@test.com,Canada,2023-01-12,Inactive,,2025-12-09,,Arabic,REF101
411,John Doe,,john.60@example.com,UK,2022-12-11,Active,139.6,2024-06-03,,Spanish,REF303
412,Liam Wong,,liam.18@test.com,Egypt,2024-04-22,Inactive,77.65,2024-05-15,,Arabic,REF456
413,John Doe,,john.24@demo.com,Germany,2025-05-02,Inactive,,2025-10-22,3.6,Spanish,REF303
414,John Doe,,john.76@demo.com,UK,2022-01-19,Inactive,145.04,2024-02-13,,Spanish,REF123
415,Tom Brown,39,tom.13@demo.com,Australia,2023-12-18,Inactive,121.16,2024-07-07,4.4,Spanish,REF789
416,Tom Brown,38,tom.12@demo.com,Canada,2025-12-25,Inactive,58.33,2025-03-08,,French,NA
417,Jane Smith,,jane.11@demo.com,USA,2024-05-10,Active,125.58,2025-07-20,,French,REF123
418,Emily Davis,,emily.67@example.com,Germany,2025-10-23,Inactive,149.08,2024-08-09,,Arabic,REF202
419,Tom Brown,,tom.37@test.com,Germany,2023-03-24,Inactive,,2025-02-10,4.9,Arabic,REF101
420,Tom Brown,39,tom.83@demo.com,Germany,2025-05-21,Inactive,147.69,2025-08-15,,German,REF789
421,Emily Davis,24,emily.89@example.com,UK,2024-12-20,Active,,2024-12-16,4.3,Arabic,REF789
422,Ahmed Ali,22,ahmed.25@example.com,Egypt,2025-12-14,Active,,2024-08-16,4.7,Arabic,REF303
423,Ahmed Ali,,ahmed.93@demo.com,Germany,2024-09-15,Inactive,174.06,2025-01-25,3.9,English,NA
424,Liam Wong,41,liam.83@demo.com,China,2025-03-05,Inactive,,2024-11-20,4.7,Mandarin,REF303
425,Jane Smith,,jane.49@demo.com,Germany,2022-04-27,Inactive,,2025-07-08,,Mandarin,REF202
426,Jane Smith,49,jane.3@test.com,Australia,2024-02-26,Active,191.67,2025-04-21,4.6,Spanish,REF303
427,Liam Wong,49,liam.31@demo.com,Canada,2025-10-26,Active,92.95,2025-03-01,4.7,French,REF123
428,Maria Lopez,38,maria.35@demo.com,Egypt,2022-04-11,Active,,2025-09-08,,English,REF303
429,Ahmed Ali,25,ahmed.30@test.com,Canada,2025-02-22,Active,158.86,2024-08-09,4.3,Spanish,REF202
430,Liam Wong,39,liam.99@demo.com,China,2024-10-21,Inactive,,2024-07-28,4.1,Spanish,NA
431,Emily Davis,,emily.88@example.com,UK,2025-12-18,Inactive,115.98,2025-11-21,4.9,German,REF456
432,Sophia Chen,,sophia.59@test.com,Australia,2023-07-02,Active,,2025-01-09,3.8,Arabic,REF789
433,Tom Brown,,tom.68@demo.com,Canada,2025-11-13,Active,170.77,2025-05-27,3.9,English,REF789
434,Ahmed Ali,36,ahmed.41@example.com,China,2022-09-09,Active,,2025-10-13,,English,REF789
435,Tom Brown,27,tom.98@test.com,Australia,2023-08-17,Active,71.57,2025-01-07,,German,REF303
436,Sophia Chen,42,sophia.94@example.com,Mexico,2024-09-21,Active,107.76,2025-07-18,,French,REF303
437,Liam Wong,,liam.27@example.com,USA,2025-08-03,Active,,2025-08-18,4.7,English,REF303
438,Ahmed Ali,60,ahmed.87@demo.com,Mexico,2025-03-22,Inactive,,2024-04-01,,French,REF789
439,Maria Lopez,,maria.3@example.com,Canada,2024-04-18,Active,109.8,2024-06-07,,French,REF789
440,John Doe,,john.64@example.com,Germany,2023-02-17,Active,61.98,2024-11-18,,English,REF202
441,Emily Davis,,emily.95@example.com,UK,2024-10-07,Active,,2024-04-18,,German,REF303
442,Sophia Chen,,sophia.10@test.com,UK,2025-01-20,Active,60.98,2024-08-01,4.8,Arabic,REF789
443,Ahmed Ali,,ahmed.45@demo.com,Canada,2022-07-20,Active,,2024-03-21,4.8,Spanish,REF303
444,Sophia Chen,,sophia.4@example.com,Mexico,2022-11-28,Active,91.48,2025-12-02,,English,REF789
445,Liam Wong,,liam.27@example.com,Canada,2025-12-12,Inactive,,2025-02-11,,German,REF101
446,Tom Brown,29,tom.40@test.com,Australia,2023-08-22,Inactive,,2024-05-19,,Mandarin,REF789
447,John Doe,,john.86@example.com,Mexico,2024-04-09,Inactive,111.16,2024-09-20,,Mandarin,REF456
448,Jane Smith,38,jane.22@test.com,Germany,2024-12-05,Inactive,124.46,2025-11-27,4.6,English,REF456
449,Liam Wong,,liam.50@example.com,Mexico,2025-06-23,Active,,2024-12-20,4.4,Spanish,REF303
450,Liam Wong,,liam.35@example.com,Germany,2022-02-10,Active,,2025-02-15,3.9,German,REF456
451,John Doe,,john.75@test.com,USA,2022-09-07,Active,79.71,2025-10-02,,English,REF123
452,Liam Wong,,liam.79@example.com,China,2025-03-14,Inactive,77.33,2025-08-21,,Spanish,REF456
453,Sophia Chen,,sophia.85@example.com,Egypt,2025-11-25,Inactive,186.15,2024-06-18,,German,REF303
454,Maria Lopez,34,maria.50@demo.com,Canada,2022-12-08,Inactive,,2024-05-05,,Arabic,REF123
455,Tom Brown,33,tom.61@test.com,Egypt,2024-02-22,Inactive,,2025-02-25,4,Mandarin,REF303
456,Tom Brown,,tom.98@test.com,Germany,2024-12-23,Inactive,128.43,2024-07-04,,Spanish,REF101
457,Sophia Chen,54,sophia.41@demo.com,Egypt,2023-03-16,Active,,2025-05-20,,Spanish,REF123
458,Jane Smith,,jane.77@test.com,Australia,2023-07-24,Inactive,189.92,2025-03-09,,Arabic,REF202
459,John Doe,,john.81@test.com,Egypt,2024-12-06,Inactive,,2025-09-18,,French,REF456
460,Sophia Chen,,sophia.62@test.com,USA,2025-01-08,Inactive,,2024-09-18,,French,REF123
461,Liam Wong,58,liam.88@example.com,Australia,2023-06-14,Active,,2024-01-13,3.6,Arabic,NA
462,Liam Wong,,liam.26@test.com,Egypt,2023-06-17,Active,82.18,2025-03-03,,French,REF303
463,Emily Davis,,emily.31@test.com,Egypt,2023-09-25,Active,110.35,2025-03-02,,English,REF101
464,John Doe,,john.72@example.com,Canada,2025-07-06,Inactive,114.32,2025-04-20,,Arabic,REF123
465,Sophia Chen,31,sophia.45@example.com,Australia,2025-06-09,Active,102.9,2025-06-28,,French,REF456
466,John Doe,,john.55@example.com,Australia,2023-01-28,Active,184.9,2024-09-18,,Mandarin,REF456
467,John Doe,,john.48@demo.com,USA,2022-09-27,Active,139.56,2024-05-09,,French,REF456
468,Tom Brown,,tom.54@test.com,Canada,2023-11-08,Active,,2025-08-18,4.1,German,REF101
469,Sophia Chen,,sophia.53@example.com,Germany,2025-09-10,Active,,2025-11-02,4.4,English,REF303
470,Liam Wong,50,liam.71@demo.com,Egypt,2024-02-13,Inactive,99.85,2025-05-09,4.4,English,REF789
471,Sophia Chen,,sophia.24@example.com,UK,2023-05-11,Inactive,196.67,2024-09-19,4,English,REF456
472,Ahmed Ali,26,ahmed.97@demo.com,USA,2024-09-13,Active,98.2,2024-11-15,4.4,Mandarin,REF123
473,Emily Davis,53,emily.40@example.com,Australia,2023-11-20,Active,,2024-10-23,4.2,Spanish,REF123
474,Emily Davis,30,emily.87@example.com,Canada,2024-07-04,Inactive,,2025-12-11,4.6,English,REF456
475,John Doe,,john.8@example.com,USA,2025-01-04,Inactive,177.53,2025-04-01,,English,REF202
476,Jane Smith,,jane.10@example.com,Canada,2024-07-02,Active,,2025-08-13,,German,REF101
477,Jane Smith,45,jane.48@example.com,UK,2023-05-13,Active,147.8,2024-02-01,4.5,Mandarin,REF456
478,Liam Wong,49,liam.63@example.com,Egypt,2023-01-05,Active,101.65,2024-05-04,,Mandarin,NA
479,Sophia Chen,,sophia.78@demo.com,Mexico,2025-09-01,Inactive,71.22,2025-07-06,3.9,Spanish,REF123
480,Tom Brown,42,tom.82@demo.com,UK,2024-09-28,Active,,2024-11-06,4,Arabic,REF101
481,Tom Brown,50,tom.24@example.com,Australia,2023-09-05,Active,,2025-04-19,4.1,Spanish,NA
482,Maria Lopez,31,maria.14@test.com,Mexico,2023-12-17,Inactive,,2025-05-09,3.7,English,REF303
483,Jane Smith,40,jane.28@example.com,Australia,2023-05-08,Inactive,,2024-01-05,4.1,German,REF456
484,Sophia Chen,,sophia.91@example.com,USA,2022-03-27,Inactive,54.33,2025-11-26,4.4,English,REF202
485,Sophia Chen,,sophia.90@demo.com,Egypt,2022-10-28,Inactive,,2024-07-12,4.6,English,REF123
486,John Doe,22,john.54@demo.com,Australia,2024-04-07,Active,,2025-03-20,,French,NA
487,Tom Brown,45,tom.32@demo.com,Australia,2024-12-02,Active,188.89,2024-08-10,4.4,Mandarin,REF101
488,Emily Davis,46,emily.75@demo.com,Australia,2022-02-09,Active,,2024-10-12,4.9,Spanish,REF789
489,John Doe,24,john.74@demo.com,UK,2024-05-08,Active,,2024-04-01,,English,REF303
490,Sophia Chen,,sophia.53@example.com,Germany,2025-10-22,Inactive,91.02,2025-02-02,4.6,English,REF789
491,Maria Lopez,24,maria.52@example.com,Australia,2024-10-17,Inactive,,2025-05-18,3.7,Mandarin,REF101
492,John Doe,,john.14@example.com,Mexico,2023-06-03,Active,,2025-01-25,,English,REF303
493,Jane Smith,52,jane.10@example.com,Egypt,2023-05-13,Active,,2025-04-19,3.9,French,REF101
494,Liam Wong,,liam.19@demo.com,Egypt,2025-08-24,Inactive,193.46,2025-12-27,,English,REF303
495,Tom Brown,44,tom.100@demo.com,UK,2022-03-06,Active,85.17,2025-05-04,,Spanish,REF456
496,Sophia Chen,,sophia.11@example.com,Germany,2025-12-06,Inactive,157.09,2024-10-25,,Arabic,NA
497,John Doe,49,john.52@demo.com,Egypt,2022-08-17,Active,172.04,2025-10-12,,English,REF202
498,Sophia Chen,,sophia.40@example.com,China,2023-01-13,Inactive,130.51,2025-06-03,,English,NA
499,Ahmed Ali,,ahmed.93@test.com,UK,2025-04-09,Inactive,51.73,2024-02-23,,French,REF789
500,Liam Wong,36,liam.74@test.com,USA,2022-11-07,Active,,2024-11-22,,French,REF101
501,Maria Lopez,45,maria.73@demo.com,Germany,2025-02-08,Inactive,,2024-02-24,,Arabic,NA
502,Ahmed Ali,32,ahmed.47@test.com,Egypt,2023-09-15,Active,122.15,2024-03-12,,Mandarin,REF456
503,Maria Lopez,36,maria.50@test.com,China,2025-04-25,Active,,2024-02-27,4.6,English,REF789
504,Tom Brown,,tom.10@test.com,USA,2022-11-06,Active,,2024-10-02,,Mandarin,REF202
505,John Doe,47,john.77@example.com,Germany,2025-04-11,Active,,2024-02-23,,Arabic,REF202
506,Jane Smith,,jane.68@example.com,UK,2024-06-22,Inactive,159.3,2025-09-05,4.4,English,REF789
507,Ahmed Ali,58,ahmed.73@example.com,Australia,2024-01-17,Inactive,107.78,2025-12-21,3.6,English,REF456
508,Liam Wong,,liam.20@demo.com,China,2022-08-24,Active,,2024-10-28,,English,REF202
509,Ahmed Ali,,ahmed.50@example.com,USA,2025-10-03,Active,169.97,2025-09-06,3.7,French,REF456
510,Ahmed Ali,,ahmed.74@test.com,Australia,2024-01-19,Inactive,,2024-08-16,,Spanish,REF202
511,Emily Davis,26,emily.69@demo.com,Australia,2025-09-22,Inactive,,2025-05-06,,Mandarin,REF123
512,Ahmed Ali,,ahmed.80@test.com,Mexico,2024-12-01,Inactive,,2025-11-11,4.8,English,REF101
513,Emily Davis,,emily.68@test.com,Germany,2023-04-07,Inactive,,2025-03-26,,Spanish,REF202
514,Emily Davis,25,emily.36@demo.com,Australia,2023-06-17,Active,,2025-12-22,3.9,German,REF101
515,Tom Brown,56,tom.56@test.com,Germany,2023-01-02,Active,,2024-12-23,,German,REF456
516,Liam Wong,49,liam.10@demo.com,Canada,2024-07-14,Active,,2024-03-03,,French,REF789
517,Tom Brown,,tom.40@example.com,Mexico,2025-07-19,Inactive,,2024-03-19,,English,REF123
518,Tom Brown,57,tom.82@example.com,Australia,2025-07-19,Inactive,180.29,2025-10-24,,Mandarin,REF456
519,Sophia Chen,,sophia.15@example.com,Egypt,2025-12-07,Active,,2024-01-19,4.8,French,REF789
520,John Doe,42,john.34@test.com,Mexico,2025-02-09,Inactive,103.12,2025-01-18,4.1,Mandarin,NA
521,Maria Lopez,,maria.68@test.com,Egypt,2022-04-25,Inactive,85.8,2025-12-08,4.1,Mandarin,NA
522,Jane Smith,,jane.63@example.com,UK,2024-01-07,Inactive,152.16,2024-01-17,4.2,French,NA
523,Liam Wong,39,liam.16@example.com,Germany,2025-05-17,Inactive,56.55,2025-11-26,3.9,English,REF789
524,Liam Wong,,liam.15@test.com,Canada,2025-12-09,Inactive,,2025-01-16,,English,REF789
525,Tom Brown,,tom.63@demo.com,Mexico,2024-04-18,Inactive,160.42,2025-02-28,,French,REF456
526,Maria Lopez,44,maria.20@demo.com,USA,2025-10-15,Active,,2024-09-13,,English,REF123
527,Sophia Chen,55,sophia.95@demo.com,Egypt,2025-06-03,Active,,2024-02-12,,Spanish,REF101
528,Sophia Chen,,sophia.42@demo.com,Egypt,2023-04-13,Active,,2024-11-16,,German,REF456
529,Emily Davis,,emily.73@demo.com,UK,2024-04-11,Inactive,119.59,2024-01-16,4.6,English,REF303
530,Liam Wong,20,liam.9@test.com,UK,2022-10-09,Inactive,,2025-05-19,,Spanish,REF202
531,Emily Davis,,emily.19@example.com,UK,2025-11-17,Active,,2025-04-12,,English,REF456
532,Emily Davis,,emily.30@demo.com,USA,2024-05-27,Active,,2024-04-13,,Arabic,REF202
533,John Doe,39,john.29@demo.com,Germany,2023-11-01,Active,114.65,2024-04-21,,French,NA
534,Emily Davis,,emily.44@test.com,Egypt,2025-10-18,Inactive,,2024-11-12,4.3,French,REF123
535,Tom Brown,,tom.32@demo.com,UK,2023-06-02,Inactive,82.58,2024-12-09,4.1,Spanish,NA
536,Jane Smith,,jane.2@demo.com,Australia,2022-08-23,Active,,2025-06-16,4.2,Spanish,REF456
537,Emily Davis,,emily.23@example.com,Egypt,2022-03-28,Inactive,182.92,2024-01-21,4.5,Spanish,REF202
538,Jane Smith,,jane.41@demo.com,Mexico,2024-06-28,Inactive,,2024-01-09,,French,REF202
539,Tom Brown,,tom.33@test.com,China,2024-10-16,Active,195.88,2024-02-02,,French,REF101
540,John Doe,,john.6@demo.com,Australia,2025-06-22,Active,193.18,2025-11-09,,German,REF456
541,Sophia Chen,46,sophia.83@example.com,China,2022-07-18,Active,159.22,2025-04-08,,Spanish,REF202
542,Maria Lopez,43,maria.14@demo.com,Mexico,2025-09-08,Active,112.18,2024-07-08,,Arabic,NA
543,Tom Brown,,tom.91@example.com,China,2023-02-23,Active,109.55,2025-01-12,3.7,Mandarin,REF123
544,Jane Smith,,jane.38@example.com,Australia,2022-05-16,Inactive,184.57,2025-09-26,,Mandarin,REF789
545,Jane Smith,,jane.15@demo.com,Egypt,2022-07-04,Active,101.79,2025-03-27,,Mandarin,REF202
546,Sophia Chen,,sophia.52@test.com,Mexico,2025-10-15,Inactive,125.51,2024-07-18,4,Spanish,REF123
547,Liam Wong,33,liam.57@test.com,Egypt,2025-06-10,Active,142.13,2025-06-06,,English,REF123
548,Ahmed Ali,,ahmed.95@test.com,UK,2022-01-06,Active,,2024-01-22,4.6,Spanish,REF789
549,Jane Smith,57,jane.66@demo.com,Germany,2022-09-01,Active,,2024-03-03,4.5,Spanish,REF123
550,Maria Lopez,,maria.95@example.com,Canada,2023-06-02,Active,158.11,2025-09-19,,English,REF303
551,John Doe,,john.76@demo.com,UK,2025-01-03,Active,,2025-01-07,3.7,Arabic,NA
552,Sophia Chen,33,sophia.77@example.com,UK,2024-10-19,Inactive,84.14,2025-03-15,4.7,Arabic,REF101
553,Jane Smith,,jane.42@test.com,Egypt,2022-01-17,Inactive,111.87,2025-07-04,4.9,Spanish,REF456
554,Sophia Chen,,sophia.74@example.com,USA,2024-07-24,Active,,2024-06-08,,French,REF101
555,Liam Wong,,liam.9@example.com,USA,2023-06-21,Inactive,,2024-03-03,,Arabic,REF123
556,Emily Davis,22,emily.91@test.com,Australia,2025-05-12,Active,105.71,2024-02-25,,German,REF456
557,John Doe,40,john.94@test.com,Mexico,2024-12-15,Active,,2025-07-15,,German,REF123
558,Sophia Chen,31,sophia.57@example.com,China,2024-11-16,Inactive,197.07,2024-07-05,4.8,Arabic,REF789
559,Sophia Chen,,sophia.44@demo.com,UK,2025-05-18,Inactive,,2024-04-26,3.6,French,REF123
560,Emily Davis,,emily.54@test.com,Egypt,2022-09-15,Inactive,56.25,2024-01-15,4.3,Spanish,REF101
561,Jane Smith,38,jane.93@example.com,Canada,2022-12-11,Active,119.75,2024-11-08,4.3,Mandarin,REF202
562,Maria Lopez,26,maria.11@test.com,UK,2024-09-12,Active,,2025-09-27,,Arabic,REF101
563,Emily Davis,43,emily.80@demo.com,Mexico,2022-11-07,Inactive,,2025-02-24,4,French,REF101
564,Emily Davis,31,emily.16@demo.com,Germany,2024-08-19,Active,,2025-03-14,4.1,German,REF456
565,Liam Wong,58,liam.94@demo.com,Egypt,2023-06-07,Inactive,167.52,2025-11-21,,Spanish,REF303
566,Sophia Chen,44,sophia.81@demo.com,UK,2024-03-09,Active,,2025-11-24,,German,REF101
567,Jane Smith,54,jane.51@example.com,Canada,2025-01-21,Inactive,83.16,2024-07-10,,Spanish,REF123
568,Tom Brown,46,tom.4@test.com,China,2025-04-18,Inactive,,2025-12-10,4.9,English,REF101
569,Ahmed Ali,,ahmed.25@demo.com,Mexico,2024-09-25,Inactive,,2025-06-08,,Arabic,REF456
570,Tom Brown,47,tom.32@test.com,Germany,2025-12-13,Active,,2025-02-19,4.9,English,REF456
571,Liam Wong,30,liam.13@test.com,China,2024-10-06,Active,179.48,2024-12-17,,Mandarin,REF202
572,Maria Lopez,39,maria.3@example.com,USA,2024-06-01,Inactive,152.51,2024-12-28,,French,REF101
573,Emily Davis,27,emily.71@demo.com,Germany,2022-10-23,Active,,2024-02-22,,Mandarin,REF101
574,Tom Brown,,tom.4@demo.com,Germany,2022-10-20,Inactive,,2025-07-25,,Mandarin,REF101
575,Jane Smith,48,jane.86@example.com,Germany,2022-07-26,Active,,2025-06-06,,German,REF789
576,Sophia Chen,33,sophia.58@demo.com,UK,2023-09-03,Active,,2025-04-07,,French,REF101
577,Maria Lopez,,maria.39@demo.com,Egypt,2023-04-09,Inactive,52.05,2025-09-13,,Spanish,REF789
578,Emily Davis,59,emily.24@test.com,Egypt,2025-10-02,Active,171.87,2024-02-17,3.7,French,REF456
579,Tom Brown,23,tom.35@example.com,China,2024-10-01,Active,188.97,2025-03-02,,French,REF303
580,Tom Brown,57,tom.66@example.com,China,2024-06-15,Active,62.72,2024-05-08,,Arabic,REF101
581,Sophia Chen,,sophia.46@example.com,USA,2024-01-01,Active,,2024-09-11,4.5,French,NA
582,Maria Lopez,54,maria.7@example.com,Canada,2024-04-13,Active,,2024-12-08,,German,REF789
583,Emily Davis,,emily.9@demo.com,Mexico,2023-07-18,Inactive,,2025-04-27,,French,REF202
584,Tom Brown,58,tom.44@example.com,Australia,2024-04-06,Inactive,,2024-12-06,,French,REF101
585,Jane Smith,25,jane.53@example.com,China,2024-09-27,Inactive,163.21,2024-03-06,4,Mandarin,REF202
586,Maria Lopez,45,maria.93@test.com,Germany,2023-08-03,Active,,2024-08-09,,English,REF789
587,Jane Smith,47,jane.6@test.com,Germany,2024-11-06,Active,,2025-10-27,,Mandarin,REF303
588,Ahmed Ali,,ahmed.25@demo.com,China,2024-08-01,Active,,2025-08-14,4.9,Arabic,REF123
589,Tom Brown,,tom.75@example.com,Germany,2023-05-04,Inactive,,2025-10-17,3.8,French,REF789
590,Ahmed Ali,,ahmed.27@test.com,Australia,2024-04-26,Inactive,106.94,2025-01-26,4.1,English,REF202
591,Emily Davis,,emily.33@demo.com,USA,2023-04-09,Inactive,100.88,2025-10-10,,Arabic,NA
592,Emily Davis,28,emily.98@example.com,Germany,2023-01-03,Active,,2025-09-02,4.2,Arabic,REF456
593,Jane Smith,54,jane.82@example.com,UK,2025-07-01,Inactive,167.06,2024-05-11,4.3,Mandarin,NA
594,Maria Lopez,21,maria.98@demo.com,UK,2023-02-27,Active,51.92,2025-01-17,4.7,Arabic,REF789
595,John Doe,54,john.54@demo.com,UK,2025-01-08,Inactive,138.73,2024-03-26,4.8,Mandarin,NA
596,Maria Lopez,51,maria.59@test.com,China,2023-06-27,Active,,2025-09-25,,German,REF123
597,Emily Davis,,emily.83@example.com,Mexico,2025-03-16,Active,,2025-07-16,,Arabic,REF456
598,Ahmed Ali,,ahmed.48@test.com,USA,2022-12-25,Active,,2025-09-23,4.6,French,REF789
599,Tom Brown,54,tom.75@test.com,Australia,2025-07-05,Inactive,,2025-11-12,,German,REF303
600,Emily Davis,20,emily.62@test.com,Germany,2022-10-11,Active,146.55,2024-06-16,,Arabic,REF202
601,Jane Smith,57,jane.2@test.com,Australia,2022-12-05,Inactive,133.65,2024-09-03,4.8,English,REF202
602,Emily Davis,,emily.66@demo.com,UK,2024-10-24,Active,178.62,2025-08-18,4.6,Arabic,REF101
603,Sophia Chen,23,sophia.95@example.com,Australia,2024-09-17,Active,,2025-05-01,,German,REF456
604,Tom Brown,51,tom.16@demo.com,Australia,2024-02-22,Active,51.09,2025-10-24,3.6,French,REF101
605,Maria Lopez,,maria.62@demo.com,Australia,2023-08-02,Active,,2024-05-21,4,English,REF202
606,Liam Wong,40,liam.25@test.com,UK,2024-05-09,Inactive,,2024-09-16,,English,REF202
607,Jane Smith,57,jane.27@demo.com,Mexico,2025-11-04,Active,104.08,2025-07-17,4,English,REF789
608,John Doe,34,john.47@example.com,Egypt,2025-02-17,Active,,2024-08-28,4,English,REF123
609,John Doe,,john.87@example.com,Mexico,2025-11-04,Inactive,113.3,2025-03-19,,French,NA
610,Jane Smith,52,jane.24@test.com,USA,2024-08-13,Active,52.62,2025-12-07,,Mandarin,NA
611,Tom Brown,32,tom.20@example.com,Canada,2022-05-09,Active,172.85,2024-09-07,3.9,German,REF456
612,Jane Smith,42,jane.59@demo.com,Canada,2022-07-12,Inactive,50.92,2024-03-17,3.6,Mandarin,REF123
613,Maria Lopez,28,maria.19@demo.com,Germany,2022-08-24,Active,93.97,2025-12-13,3.5,Arabic,NA
614,Ahmed Ali,,ahmed.95@example.com,Mexico,2023-08-05,Inactive,,2024-08-26,4.9,French,REF789
615,Emily Davis,30,emily.72@test.com,Germany,2023-06-09,Active,68.76,2025-09-24,3.5,Arabic,REF456
616,John Doe,,john.12@test.com,Egypt,2022-07-04,Inactive,,2024-12-28,4.7,German,REF123
617,Tom Brown,30,tom.47@example.com,Australia,2024-10-10,Active,82.03,2025-07-15,5,German,REF456
618,Maria Lopez,,maria.77@test.com,China,2023-02-16,Active,66.98,2024-08-05,4.1,Arabic,REF123
619,John Doe,44,john.65@demo.com,UK,2022-11-17,Active,97.06,2025-05-24,,Arabic,REF456
620,John Doe,28,john.71@example.com,UK,2024-04-27,Inactive,,2025-11-24,,English,REF303
621,Jane Smith,,jane.29@demo.com,Canada,2022-08-19,Inactive,,2024-12-24,4.3,Arabic,REF303
622,Sophia Chen,,sophia.1@test.com,Canada,2024-01-17,Active,,2024-07-09,,German,REF202
623,Ahmed Ali,29,ahmed.81@test.com,Australia,2023-10-17,Inactive,116.92,2025-01-25,,German,REF202
624,John Doe,,john.34@test.com,Australia,2024-12-03,Active,117.19,2025-02-15,4.4,French,NA
625,Emily Davis,47,emily.88@demo.com,Canada,2022-09-12,Active,94.06,2024-09-24,,English,NA
626,Jane Smith,,jane.38@test.com,USA,2024-07-16,Active,,2025-11-22,,Spanish,REF303
627,Maria Lopez,41,maria.32@test.com,China,2023-06-07,Active,142.66,2025-11-07,,Spanish,REF303
628,Liam Wong,25,liam.52@demo.com,China,2025-09-15,Inactive,,2024-05-20,3.6,French,REF303
629,Liam Wong,,liam.11@demo.com,Mexico,2024-03-14,Active,68.96,2024-07-14,4.3,Spanish,REF101
630,Ahmed Ali,,ahmed.36@test.com,UK,2025-04-28,Inactive,59.88,2024-06-03,,French,REF303
631,Maria Lopez,,maria.84@demo.com,Canada,2025-12-21,Inactive,199.79,2025-02-10,4.9,German,REF202
632,Sophia Chen,34,sophia.3@demo.com,Australia,2025-02-07,Inactive,,2025-10-21,,Arabic,NA
633,Ahmed Ali,,ahmed.20@example.com,China,2023-12-12,Active,,2024-11-10,4.8,Arabic,REF789
634,Tom Brown,53,tom.15@test.com,UK,2025-09-08,Active,137.94,2024-12-16,4.2,Spanish,REF789
635,Maria Lopez,,maria.4@demo.com,Mexico,2025-06-16,Active,69.9,2024-07-03,,Spanish,REF456
636,Ahmed Ali,,ahmed.80@demo.com,Canada,2023-10-24,Inactive,134.92,2024-10-10,,Arabic,NA
637,Ahmed Ali,,ahmed.61@example.com,Australia,2025-08-10,Inactive,,2025-05-08,,Arabic,NA
638,Tom Brown,60,tom.32@example.com,Egypt,2024-07-16,Active,58.83,2025-11-21,,French,REF101
639,Sophia Chen,55,sophia.59@demo.com,Australia,2023-04-28,Active,195.64,2025-03-02,4.7,Spanish,REF456
640,Maria Lopez,20,maria.93@example.com,UK,2022-01-08,Inactive,95.19,2025-07-25,,Mandarin,REF303
641,Liam Wong,,liam.64@demo.com,UK,2024-12-20,Inactive,156.7,2024-04-12,4.5,Spanish,REF202
642,Liam Wong,,liam.51@example.com,Germany,2025-03-22,Active,196.01,2025-04-15,,Spanish,REF123
643,Sophia Chen,,sophia.10@demo.com,Mexico,2023-09-17,Inactive,,2025-05-27,,German,REF456
644,Ahmed Ali,,ahmed.42@demo.com,Egypt,2022-09-02,Active,135.84,2024-03-18,4.6,Mandarin,REF789
645,John Doe,54,john.8@demo.com,Canada,2024-02-26,Active,,2025-11-22,4.4,English,REF101
646,Liam Wong,51,liam.38@example.com,Australia,2024-09-09,Inactive,167.58,2024-11-23,4.9,Spanish,REF101
647,Emily Davis,57,emily.1@demo.com,Egypt,2023-04-23,Inactive,,2025-04-06,,German,REF456
648,Maria Lopez,,maria.51@demo.com,Egypt,2023-05-03,Inactive,95.55,2024-07-19,4.4,Spanish,NA
649,Ahmed Ali,,ahmed.94@demo.com,Germany,2024-05-10,Inactive,,2025-12-10,3.5,French,REF789
650,John Doe,,john.37@demo.com,UK,2022-12-20,Active,95.24,2024-01-07,,English,REF456
651,Maria Lopez,37,maria.79@test.com,USA,2024-07-21,Active,90.06,2025-04-06,4.3,Arabic,REF101
652,Jane Smith,59,jane.6@example.com,Australia,2022-08-04,Active,176.97,2024-01-11,4.7,French,REF202
653,Ahmed Ali,,ahmed.95@test.com,Canada,2025-11-09,Active,,2025-03-16,,Mandarin,REF101
654,Ahmed Ali,50,ahmed.50@example.com,Australia,2025-03-16,Active,,2024-06-27,,English,REF303
655,Maria Lopez,,maria.92@example.com,Germany,2025-08-24,Inactive,,2025-02-04,4.4,Arabic,REF101
656,Maria Lopez,,maria.50@test.com,Australia,2022-05-06,Inactive,75.03,2025-06-28,,French,REF123
657,Tom Brown,54,tom.75@test.com,Egypt,2025-09-18,Active,170.16,2024-03-17,4.7,German,REF789
658,Tom Brown,36,tom.66@example.com,Germany,2025-02-09,Inactive,60.19,2025-10-05,,German,NA
659,Liam Wong,,liam.46@test.com,Germany,2023-05-01,Inactive,192.44,2025-06-18,,Mandarin,REF303
660,Emily Davis,25,emily.98@test.com,Egypt,2025-01-06,Inactive,95.14,2025-12-15,,French,REF456
661,Sophia Chen,37,sophia.55@test.com,Germany,2024-05-06,Active,85.56,2025-01-22,,Spanish,REF789
662,Emily Davis,58,emily.7@example.com,USA,2023-07-14,Inactive,,2025-02-11,,German,REF789
663,Maria Lopez,,maria.3@demo.com,Egypt,2022-02-17,Active,147.66,2025-09-05,,Arabic,REF123
664,Tom Brown,58,tom.87@demo.com,Germany,2025-06-25,Active,75.97,2025-06-05,4.1,Arabic,REF789
665,Sophia Chen,,sophia.67@test.com,UK,2024-10-10,Inactive,198.5,2024-06-12,,Mandarin,REF789
666,Liam Wong,40,liam.78@example.com,USA,2022-04-13,Inactive,54.62,2025-07-16,,English,REF202
667,Emily Davis,,emily.64@demo.com,USA,2024-03-21,Active,,2025-12-09,,Arabic,NA
668,Tom Brown,,tom.72@example.com,Germany,2022-07-20,Inactive,,2024-03-04,4.1,Spanish,REF123
669,Jane Smith,,jane.37@example.com,USA,2023-02-16,Active,,2024-06-04,4.2,Arabic,REF101
670,Sophia Chen,,sophia.16@test.com,Canada,2025-09-18,Inactive,157.82,2024-11-09,4.7,German,REF303
671,Sophia Chen,41,sophia.76@demo.com,Canada,2022-01-01,Inactive,,2024-09-16,4.6,Arabic,REF101
672,Tom Brown,57,tom.69@test.com,USA,2024-09-06,Inactive,166.62,2024-01-16,4.3,Spanish,REF202
673,Emily Davis,60,emily.54@demo.com,USA,2024-07-02,Inactive,,2025-11-17,,English,REF456
674,Sophia Chen,33,sophia.86@demo.com,China,2025-08-11,Active,,2025-03-04,,French,REF303
675,Sophia Chen,20,sophia.78@test.com,Australia,2023-07-15,Active,,2025-10-08,,German,NA
676,Maria Lopez,52,maria.75@example.com,Canada,2025-04-17,Active,149.3,2024-07-27,5,Arabic,REF202
677,Tom Brown,22,tom.94@test.com,UK,2024-01-12,Active,140.77,2025-07-09,,English,REF123
678,Emily Davis,,emily.1@example.com,Australia,2024-06-01,Inactive,93.59,2025-02-24,4.8,French,REF101
679,Maria Lopez,28,maria.36@example.com,USA,2025-05-06,Active,,2024-03-19,4.8,Spanish,NA
680,Ahmed Ali,42,ahmed.51@example.com,Egypt,2025-04-08,Inactive,,2025-10-22,4.5,Arabic,NA
681,Jane Smith,,jane.33@test.com,UK,2023-01-12,Active,69.29,2025-06-16,4,English,REF789
682,Emily Davis,57,emily.61@demo.com,USA,2024-09-27,Active,81.3,2024-03-06,4.2,French,REF123
683,Sophia Chen,,sophia.38@test.com,Egypt,2024-10-19,Active,62.32,2025-08-14,4.5,Arabic,NA
684,Sophia Chen,45,sophia.42@example.com,UK,2022-07-24,Active,162.49,2024-04-07,,Spanish,REF789
685,Sophia Chen,27,sophia.63@example.com,Canada,2024-06-21,Inactive,116.02,2024-09-05,,German,NA
686,Jane Smith,,jane.27@example.com,Germany,2023-04-23,Inactive,151.98,2024-11-23,3.9,Spanish,REF123
687,Liam Wong,33,liam.87@test.com,Egypt,2023-09-02,Inactive,78.1,2024-11-02,3.9,Spanish,NA
688,Emily Davis,26,emily.58@demo.com,China,2022-07-04,Inactive,,2025-12-02,4,Mandarin,REF123
689,Emily Davis,,emily.73@demo.com,USA,2022-09-17,Inactive,,2024-11-03,,French,REF303
690,Jane Smith,,jane.85@test.com,USA,2025-10-08,Active,195.08,2025-06-06,4.4,Arabic,REF456
691,John Doe,25,john.33@example.com,Australia,2025-05-09,Active,199.07,2024-08-01,5,English,REF456
692,Maria Lopez,36,maria.33@example.com,Egypt,2024-05-20,Inactive,,2024-11-20,4.9,English,REF123
693,John Doe,,john.88@example.com,Mexico,2023-02-08,Inactive,145.03,2025-10-14,4,German,NA
694,John Doe,23,john.71@example.com,Germany,2024-11-12,Inactive,166.89,2025-09-02,3.8,French,REF123
695,John Doe,31,john.92@demo.com,UK,2022-10-08,Active,148.8,2025-09-10,4.5,French,REF303
696,Emily Davis,47,emily.31@example.com,Australia,2024-03-16,Active,166.56,2025-05-09,3.9,English,REF123
697,Tom Brown,55,tom.84@test.com,Germany,2023-03-01,Active,,2025-10-01,4.8,Mandarin,REF456
698,Sophia Chen,,sophia.6@demo.com,Egypt,2024-11-27,Active,,2025-10-05,4.3,English,REF202
699,Maria Lopez,,maria.64@test.com,Australia,2025-04-19,Inactive,,2024-06-23,,Arabic,REF123
700,Tom Brown,53,tom.28@demo.com,China,2023-04-14,Inactive,,2025-03-08,4.5,French,NA
701,Sophia Chen,,sophia.14@demo.com,USA,2022-09-24,Active,,2025-10-01,4.2,Spanish,REF123
702,Sophia Chen,,sophia.42@example.com,Egypt,2024-02-03,Inactive,,2025-06-14,,Spanish,REF789
703,Emily Davis,50,emily.72@demo.com,Germany,2022-02-12,Active,85.38,2024-06-25,,Mandarin,REF303
704,Ahmed Ali,30,ahmed.71@test.com,Australia,2022-09-19,Inactive,,2025-04-16,5,English,REF303
705,Jane Smith,55,jane.44@demo.com,UK,2023-09-20,Inactive,,2024-08-17,4.4,Arabic,REF123
706,Tom Brown,34,tom.6@example.com,Australia,2025-02-21,Inactive,,2025-04-24,,English,REF456
707,Tom Brown,37,tom.12@demo.com,Canada,2024-01-07,Inactive,,2025-12-11,4,Spanish,REF789
708,Emily Davis,,emily.24@demo.com,Canada,2022-10-27,Inactive,194.14,2024-12-03,4.5,French,REF456
709,Emily Davis,,emily.38@example.com,Germany,2025-09-02,Active,122.04,2025-08-05,,Arabic,REF202
710,John Doe,51,john.38@test.com,Australia,2022-01-08,Inactive,,2024-12-08,4.8,Arabic,REF101
711,Tom Brown,38,tom.78@test.com,USA,2023-07-06,Active,,2024-03-23,,Arabic,NA
712,Sophia Chen,,sophia.51@test.com,China,2024-03-18,Inactive,,2024-10-18,,French,NA
713,Sophia Chen,49,sophia.11@demo.com,Canada,2024-01-16,Active,150.88,2024-11-16,4.4,English,REF123
714,Ahmed Ali,43,ahmed.88@test.com,Egypt,2024-03-24,Active,53.31,2025-08-20,,Arabic,REF101
715,Sophia Chen,,sophia.64@example.com,UK,2023-07-07,Active,,2024-02-06,4.6,French,REF202
716,Liam Wong,,liam.46@example.com,Mexico,2023-08-25,Active,,2024-11-24,,German,REF202
717,Liam Wong,,liam.83@test.com,Australia,2023-01-18,Active,,2024-02-02,3.8,Mandarin,NA
718,Tom Brown,22,tom.95@example.com,Germany,2025-12-22,Active,,2025-04-07,3.9,Spanish,REF123
719,Ahmed Ali,,ahmed.81@example.com,Mexico,2022-08-07,Inactive,60.56,2025-03-25,,Spanish,REF303
720,Tom Brown,,tom.72@test.com,Mexico,2022-05-18,Inactive,111.36,2024-12-08,,French,REF456
721,Emily Davis,,emily.87@test.com,Australia,2022-09-09,Inactive,81.51,2024-07-18,4,Arabic,REF456
722,Jane Smith,57,jane.100@demo.com,Canada,2023-03-24,Inactive,88.14,2025-02-22,,Arabic,REF123
723,Maria Lopez,35,maria.35@demo.com,Canada,2022-12-04,Inactive,,2024-03-28,5,Spanish,NA
724,Jane Smith,,jane.4@example.com,China,2023-12-11,Inactive,119.14,2024-12-26,,French,REF303
725,John Doe,,john.79@example.com,UK,2024-09-23,Inactive,,2025-09-17,,Arabic,REF123
726,Ahmed Ali,,ahmed.12@demo.com,Egypt,2025-01-21,Inactive,191.96,2024-02-21,4.9,German,REF456
727,Sophia Chen,37,sophia.28@demo.com,Australia,2023-04-10,Inactive,86.91,2025-04-07,4.9,English,REF123
728,Maria Lopez,21,maria.100@example.com,Egypt,2024-03-23,Inactive,,2024-08-14,4.4,English,NA
729,Maria Lopez,,maria.71@example.com,Germany,2025-03-14,Inactive,94.53,2025-04-08,4.1,German,REF303
730,Emily Davis,59,emily.95@demo.com,Australia,2022-11-26,Inactive,58.18,2024-01-11,,Mandarin,REF202
731,Sophia Chen,,sophia.20@example.com,Germany,2025-02-13,Inactive,,2024-06-01,,Spanish,NA
732,Liam Wong,45,liam.77@demo.com,Mexico,2023-09-21,Active,127.6,2024-07-18,4.4,Spanish,REF101
733,Tom Brown,,tom.26@test.com,Mexico,2023-06-09,Active,158.6,2025-12-25,4.1,Spanish,REF123
734,Maria Lopez,55,maria.64@demo.com,UK,2024-08-14,Inactive,158.04,2025-07-05,4.5,German,REF456
735,John Doe,42,john.84@demo.com,UK,2025-01-20,Active,98.14,2024-01-11,4.6,Spanish,REF303
736,Tom Brown,51,tom.51@example.com,Canada,2022-07-13,Inactive,174.99,2025-04-25,,English,REF303
737,Jane Smith,24,jane.43@test.com,Mexico,2025-12-09,Inactive,176.05,2024-02-23,4.8,French,REF123
738,Emily Davis,,emily.57@test.com,Australia,2024-09-07,Inactive,,2024-09-04,,Mandarin,NA
739,Tom Brown,,tom.20@demo.com,UK,2025-10-07,Active,,2024-01-06,4.9,French,REF101
740,Tom Brown,41,tom.29@test.com,USA,2022-07-20,Inactive,168.18,2024-07-21,,French,REF123
741,Liam Wong,26,liam.91@test.com,China,2025-05-15,Active,155.42,2024-07-09,3.5,German,REF202
742,Jane Smith,,jane.16@test.com,USA,2023-01-25,Active,,2024-07-22,,French,REF202
743,Emily Davis,25,emily.41@demo.com,Mexico,2025-09-10,Inactive,59.02,2024-12-21,4.9,Spanish,REF789
744,Liam Wong,,liam.91@demo.com,Mexico,2022-04-28,Active,98.03,2025-02-12,,French,REF303
745,Liam Wong,,liam.9@example.com,UK,2025-07-22,Active,,2024-03-21,4.8,French,REF123
746,Maria Lopez,40,maria.16@example.com,Egypt,2022-12-27,Inactive,,2025-11-17,,Arabic,REF789
747,John Doe,,john.29@demo.com,Mexico,2022-04-08,Inactive,197.73,2024-03-27,4.8,Mandarin,REF123
748,Ahmed Ali,,ahmed.17@test.com,USA,2023-06-19,Active,,2025-07-05,3.5,English,REF123
749,Emily Davis,,emily.84@demo.com,UK,2022-11-03,Inactive,,2024-11-14,,Arabic,NA
750,Maria Lopez,,maria.100@test.com,China,2025-10-21,Active,,2025-01-08,3.9,Spanish,REF123
751,Emily Davis,46,emily.56@test.com,Mexico,2024-10-02,Inactive,,2025-02-25,4.1,Arabic,REF789
752,Ahmed Ali,59,ahmed.20@example.com,Canada,2025-10-23,Active,150.03,2025-02-24,,Arabic,REF456
753,Maria Lopez,25,maria.12@example.com,Australia,2024-08-13,Inactive,167.32,2025-05-05,3.5,English,NA
754,Emily Davis,,emily.44@example.com,Mexico,2023-11-09,Active,,2025-04-06,,French,REF123
755,Ahmed Ali,,ahmed.97@demo.com,Mexico,2022-02-17,Active,,2024-08-27,,German,REF101
756,Maria Lopez,,maria.1@test.com,Mexico,2024-12-04,Active,116.08,2024-05-24,,German,REF101
757,Sophia Chen,48,sophia.38@test.com,Egypt,2023-06-20,Inactive,60.3,2024-05-10,4.1,Mandarin,REF789
758,Emily Davis,27,emily.33@demo.com,China,2024-10-17,Inactive,,2024-04-24,,Mandarin,REF303
759,John Doe,57,john.10@example.com,Canada,2023-11-14,Inactive,,2025-10-26,4,French,REF303
760,John Doe,,john.100@test.com,Germany,2025-07-15,Inactive,,2024-05-02,,Spanish,NA
761,Tom Brown,,tom.6@example.com,Australia,2025-01-28,Active,,2024-09-22,3.9,German,NA
762,Jane Smith,,jane.71@example.com,UK,2023-08-27,Inactive,,2025-07-10,4.9,Arabic,NA
763,Emily Davis,,emily.97@demo.com,Canada,2022-04-01,Active,85.93,2025-03-18,,French,REF789
764,Tom Brown,,tom.42@example.com,Germany,2024-09-07,Active,,2024-04-28,3.6,Arabic,REF123
765,Emily Davis,,emily.43@example.com,Germany,2023-06-14,Active,116.07,2025-01-20,,Arabic,REF101
766,Ahmed Ali,,ahmed.47@demo.com,Egypt,2024-09-05,Active,149.74,2025-10-04,,English,REF202
767,Emily Davis,,emily.70@demo.com,Germany,2025-01-27,Inactive,,2024-03-06,,Spanish,REF123
768,Ahmed Ali,,ahmed.78@test.com,Canada,2024-02-09,Active,,2025-06-04,4.1,English,NA
769,Sophia Chen,41,sophia.82@test.com,Germany,2023-07-05,Inactive,,2024-08-28,,Mandarin,REF303
770,Maria Lopez,,maria.18@test.com,UK,2023-10-19,Active,140.75,2024-05-25,4.5,Mandarin,NA
771,Tom Brown,44,tom.43@demo.com,Australia,2025-11-21,Active,199.19,2024-06-20,4.9,Arabic,REF101
772,Jane Smith,29,jane.37@demo.com,China,2023-04-11,Active,,2025-04-08,,Spanish,REF202
773,Sophia Chen,,sophia.50@example.com,USA,2022-02-18,Active,173.41,2025-09-16,,French,REF123
774,Maria Lopez,35,maria.59@test.com,Australia,2025-03-13,Active,163.21,2024-12-25,5,English,REF456
775,Liam Wong,,liam.48@test.com,Egypt,2023-10-08,Active,,2024-06-13,4.7,German,REF202
776,Maria Lopez,,maria.4@demo.com,Egypt,2023-02-20,Inactive,158.53,2025-10-26,,French,REF456
777,Ahmed Ali,51,ahmed.92@demo.com,USA,2023-10-22,Inactive,55.08,2025-11-19,3.9,English,REF123
778,Jane Smith,28,jane.22@test.com,Australia,2023-10-28,Active,,2025-07-17,,Arabic,REF123
779,Tom Brown,23,tom.13@example.com,Australia,2024-12-03,Active,,2024-01-03,3.8,Spanish,NA
780,Tom Brown,43,tom.8@example.com,Canada,2023-11-22,Active,,2025-05-09,,French,NA
781,Tom Brown,,tom.52@demo.com,Germany,2023-05-09,Active,55.9,2025-07-17,,French,REF101
782,Emily Davis,48,emily.63@test.com,USA,2023-04-27,Active,,2024-12-02,4,Mandarin,REF456
783,Jane Smith,,jane.23@example.com,China,2024-03-08,Inactive,57.95,2025-03-14,3.9,Spanish,REF101
784,Jane Smith,53,jane.22@test.com,Canada,2023-03-03,Inactive,,2025-12-24,,English,NA
785,Sophia Chen,,sophia.75@demo.com,Canada,2024-06-13,Inactive,133.83,2025-01-11,,Mandarin,REF101
786,Emily Davis,,emily.41@example.com,China,2022-03-15,Active,,2025-01-02,,English,NA
787,Ahmed Ali,53,ahmed.71@example.com,Mexico,2022-06-15,Inactive,136.23,2025-01-10,3.6,German,REF303
788,Maria Lopez,,maria.48@test.com,Canada,2022-05-28,Active,,2025-10-22,4.6,Mandarin,REF123
789,Jane Smith,,jane.3@test.com,China,2025-02-20,Inactive,163.96,2024-08-23,4.3,Spanish,REF456
790,John Doe,59,john.73@example.com,Australia,2024-12-16,Inactive,153.19,2024-03-23,,French,REF456
791,Tom Brown,35,tom.58@test.com,Egypt,2024-10-01,Active,65.66,2025-11-19,4.1,English,REF202
792,Emily Davis,21,emily.27@demo.com,Canada,2023-02-01,Inactive,,2024-03-16,,English,REF101
793,Jane Smith,,jane.1@test.com,Mexico,2023-03-18,Inactive,,2025-09-24,4.2,Mandarin,REF789
794,Tom Brown,46,tom.4@example.com,Canada,2025-12-24,Active,,2025-12-27,4.1,Arabic,REF456
795,Maria Lopez,,maria.4@test.com,Germany,2023-05-04,Inactive,191.8,2024-04-04,4.6,Mandarin,REF202
796,Jane Smith,,jane.97@demo.com,Germany,2024-06-22,Active,121.91,2025-09-14,4.5,French,REF456
797,John Doe,58,john.65@example.com,Canada,2023-03-24,Inactive,101.88,2024-06-07,4,French,REF123
798,Ahmed Ali,52,ahmed.45@test.com,UK,2025-05-08,Active,183.57,2024-04-26,,English,NA
799,Jane Smith,,jane.14@example.com,UK,2024-12-04,Active,112.31,2025-10-22,,English,REF789
800,Ahmed Ali,20,ahmed.22@test.com,Mexico,2022-11-09,Inactive,,2025-05-14,,English,REF303
801,Jane Smith,,jane.45@demo.com,China,2023-11-12,Inactive,,2025-01-02,,German,REF789
802,Tom Brown,,tom.14@example.com,Germany,2024-05-24,Active,,2025-01-12,3.9,French,REF202
803,Sophia Chen,55,sophia.100@test.com,UK,2025-05-06,Active,,2024-04-15,4.2,Arabic,REF303
804,Jane Smith,,jane.99@test.com,Canada,2024-10-04,Active,78.52,2024-11-21,,Mandarin,REF123
805,Tom Brown,,tom.17@test.com,Australia,2022-06-18,Active,,2024-07-24,4.4,Arabic,REF789
806,Ahmed Ali,,ahmed.62@test.com,China,2024-02-13,Active,,2024-05-03,,Arabic,REF101
807,Maria Lopez,60,maria.97@example.com,China,2025-10-21,Inactive,,2024-02-23,,Spanish,REF123
808,Sophia Chen,30,sophia.89@test.com,China,2025-08-01,Active,,2024-01-04,,Arabic,REF456
809,Tom Brown,,tom.40@test.com,USA,2022-11-20,Active,,2025-02-21,,French,REF202
810,Emily Davis,27,emily.25@demo.com,China,2025-11-02,Inactive,70.93,2024-12-04,4.9,Arabic,REF456
811,Sophia Chen,,sophia.23@demo.com,UK,2023-11-04,Inactive,,2025-02-26,4.5,Arabic,REF202
812,Sophia Chen,,sophia.74@example.com,Egypt,2022-09-22,Inactive,145.39,2025-02-17,3.8,Spanish,REF123
813,Tom Brown,36,tom.35@test.com,Egypt,2024-12-19,Active,,2025-12-11,4.7,English,NA
814,Tom Brown,,tom.72@demo.com,Egypt,2025-03-13,Active,172.7,2024-07-21,,French,REF202
815,Liam Wong,,liam.54@test.com,USA,2023-05-25,Active,,2025-08-20,,Arabic,REF101
816,John Doe,,john.100@demo.com,Canada,2023-06-21,Inactive,,2024-07-15,,German,REF202
817,Maria Lopez,52,maria.60@demo.com,Mexico,2024-10-14,Active,,2025-03-01,,Spanish,REF789
818,Sophia Chen,54,sophia.3@demo.com,Canada,2024-04-08,Inactive,114.96,2025-09-15,,Arabic,REF303
819,Ahmed Ali,,ahmed.18@test.com,USA,2024-05-22,Active,99.46,2024-01-26,4.5,Mandarin,NA
820,Liam Wong,21,liam.13@example.com,Germany,2024-10-15,Active,148.25,2025-08-04,3.6,Spanish,REF456
821,Maria Lopez,,maria.22@demo.com,Germany,2024-10-02,Inactive,116.53,2024-07-11,,German,NA
822,Emily Davis,,emily.93@demo.com,USA,2023-09-07,Inactive,,2025-07-16,,Spanish,REF123
823,Sophia Chen,58,sophia.72@demo.com,Egypt,2022-11-21,Active,136.27,2024-08-21,3.7,Spanish,REF123
824,Emily Davis,40,emily.93@example.com,Canada,2025-06-07,Inactive,,2025-05-23,,Mandarin,REF456
825,Sophia Chen,24,sophia.12@example.com,Egypt,2022-10-15,Active,165.74,2024-11-17,3.6,Spanish,REF303
826,Tom Brown,,tom.54@demo.com,USA,2023-03-08,Inactive,166.05,2024-03-07,4.5,Arabic,REF202
827,Maria Lopez,,maria.36@demo.com,Canada,2025-01-22,Active,97.24,2024-01-18,,French,REF456
828,John Doe,,john.71@demo.com,USA,2022-10-12,Inactive,81.99,2025-11-04,,German,REF123
829,Emily Davis,41,emily.9@example.com,Germany,2025-06-15,Active,159.67,2024-04-24,,Spanish,REF101
830,Liam Wong,34,liam.47@example.com,China,2024-04-28,Inactive,,2025-02-05,3.7,Arabic,REF123
831,Liam Wong,25,liam.56@test.com,UK,2024-08-24,Active,111.14,2025-09-15,4.8,English,REF123
832,Liam Wong,46,liam.89@demo.com,Canada,2022-04-03,Inactive,,2025-06-17,4.9,English,REF303
833,Emily Davis,30,emily.87@example.com,Mexico,2022-01-10,Inactive,69.77,2025-11-12,3.9,English,REF789
834,Liam Wong,,liam.23@test.com,UK,2022-01-24,Active,,2025-02-27,4.6,French,REF303
835,John Doe,23,john.68@test.com,Canada,2022-01-06,Active,,2025-05-10,3.7,Mandarin,REF303
836,Maria Lopez,21,maria.38@test.com,Mexico,2024-05-03,Inactive,57.66,2024-04-13,4.2,German,REF101
837,Sophia Chen,22,sophia.32@example.com,Canada,2022-02-13,Inactive,,2024-11-16,,Spanish,REF101
838,Maria Lopez,,maria.30@demo.com,Germany,2023-03-09,Inactive,140.4,2025-03-24,4.4,French,REF202
839,Sophia Chen,46,sophia.25@example.com,Mexico,2024-02-12,Inactive,183.55,2025-11-14,,Mandarin,REF303
840,Emily Davis,,emily.52@test.com,Australia,2025-01-08,Inactive,63.49,2025-03-01,3.6,German,NA
841,Maria Lopez,,maria.73@demo.com,Canada,2024-01-25,Inactive,,2025-09-19,,Arabic,REF789
842,Sophia Chen,49,sophia.43@demo.com,UK,2023-12-11,Active,,2025-09-12,4.6,German,REF456
843,John Doe,52,john.64@test.com,China,2023-08-28,Inactive,189.7,2024-03-23,4.9,English,REF101
844,Sophia Chen,,sophia.87@example.com,UK,2025-11-05,Inactive,76.87,2024-03-20,,German,REF456
845,John Doe,,john.23@demo.com,USA,2022-10-01,Inactive,,2025-06-20,,Arabic,REF101
846,Jane Smith,23,jane.21@demo.com,Egypt,2022-11-04,Active,,2025-10-06,,English,REF456
847,Maria Lopez,52,maria.89@demo.com,Egypt,2022-02-03,Active,,2024-02-28,,German,REF202
848,Tom Brown,,tom.89@demo.com,Egypt,2024-09-18,Inactive,,2024-06-16,,Arabic,REF456
849,Sophia Chen,45,sophia.36@demo.com,Egypt,2025-10-16,Active,113.89,2025-06-28,,Arabic,REF303
850,Tom Brown,,tom.71@test.com,China,2025-01-10,Inactive,,2025-05-08,,Mandarin,REF303
851,Sophia Chen,45,sophia.8@example.com,China,2022-09-20,Inactive,,2025-10-12,,Arabic,REF456
852,Liam Wong,47,liam.1@test.com,Germany,2024-11-20,Inactive,123.56,2025-01-13,,Spanish,REF456
853,Liam Wong,38,liam.45@test.com,Mexico,2022-04-21,Inactive,103.88,2025-04-01,4.8,French,REF789
854,Jane Smith,38,jane.87@demo.com,UK,2025-01-04,Inactive,66.35,2024-10-24,,German,REF303
855,John Doe,,john.17@test.com,China,2025-04-06,Active,74.04,2025-06-27,,Spanish,REF101
856,Ahmed Ali,,ahmed.50@demo.com,Egypt,2024-08-28,Active,178.32,2024-10-06,,English,REF202
857,Jane Smith,,jane.4@test.com,USA,2025-12-25,Active,,2025-04-22,4.1,German,REF789
858,Tom Brown,,tom.97@example.com,Australia,2023-05-08,Active,165.99,2025-10-14,,Spanish,NA
859,Maria Lopez,,maria.60@example.com,China,2025-01-07,Active,96.43,2024-06-12,,Arabic,REF789
860,Maria Lopez,45,maria.25@example.com,UK,2025-10-11,Active,151.29,2025-04-17,4.8,Arabic,REF101
861,Emily Davis,,emily.13@test.com,Australia,2025-05-01,Inactive,,2025-06-01,,Mandarin,REF202
862,Maria Lopez,,maria.3@test.com,Egypt,2022-02-28,Active,,2025-11-12,4.7,Spanish,REF456
863,Tom Brown,36,tom.19@example.com,Germany,2022-03-20,Inactive,,2025-09-02,3.9,German,REF303
864,Emily Davis,,emily.52@example.com,Mexico,2024-09-06,Inactive,,2024-06-05,4.1,Mandarin,REF456
865,Ahmed Ali,,ahmed.58@test.com,China,2022-05-13,Active,133.41,2025-10-15,,French,NA
866,Sophia Chen,47,sophia.34@example.com,China,2024-12-14,Active,185.65,2024-08-09,3.7,Spanish,REF123
867,Emily Davis,,emily.82@demo.com,USA,2024-06-01,Active,,2024-11-15,,Arabic,REF202
868,Emily Davis,,emily.41@test.com,China,2025-07-11,Active,,2024-01-17,4.6,German,REF303
869,Tom Brown,,tom.94@demo.com,Australia,2022-01-07,Inactive,,2024-11-10,,French,REF303
870,Tom Brown,24,tom.98@example.com,Canada,2022-05-19,Active,,2024-07-27,4.5,Spanish,REF456
871,Sophia Chen,22,sophia.7@example.com,Mexico,2023-06-12,Inactive,53.15,2025-05-03,4.2,Arabic,REF456
872,Liam Wong,,liam.79@example.com,USA,2024-10-10,Active,,2024-02-03,3.9,English,NA
873,Emily Davis,46,emily.62@example.com,USA,2022-06-19,Inactive,,2025-01-16,,Arabic,REF123
874,Sophia Chen,37,sophia.71@demo.com,USA,2023-05-14,Active,167.17,2024-02-22,,Mandarin,REF101
875,Tom Brown,40,tom.98@demo.com,Australia,2023-05-19,Inactive,,2024-05-26,,Mandarin,NA
876,Emily Davis,,emily.85@example.com,Australia,2024-07-15,Active,183.65,2024-10-12,4.5,Arabic,REF123
877,Sophia Chen,,sophia.2@test.com,Mexico,2022-08-03,Active,188.22,2024-05-23,3.7,Mandarin,REF123
878,Tom Brown,,tom.6@demo.com,UK,2024-11-06,Inactive,,2025-02-09,,Spanish,REF456
879,Tom Brown,,tom.31@demo.com,Egypt,2023-11-15,Inactive,,2024-05-28,4.6,English,REF202
880,Emily Davis,,emily.41@example.com,USA,2022-11-16,Inactive,197.97,2025-03-13,4.7,Mandarin,REF202
881,Sophia Chen,,sophia.82@test.com,Canada,2022-01-20,Active,177,2025-01-01,4.4,Arabic,NA
882,Emily Davis,,emily.76@test.com,UK,2024-02-02,Inactive,103.43,2025-12-07,4.1,German,NA
883,Liam Wong,,liam.54@test.com,Canada,2023-10-19,Inactive,107.15,2025-09-06,5,German,REF123
884,Sophia Chen,53,sophia.4@demo.com,UK,2024-04-18,Inactive,95.94,2025-02-14,,Spanish,REF456
885,Sophia Chen,,sophia.93@example.com,Australia,2022-07-19,Inactive,,2024-07-09,3.8,German,REF303
886,Ahmed Ali,,ahmed.92@demo.com,Australia,2023-01-12,Active,189.17,2025-09-26,,French,REF101
887,Jane Smith,,jane.70@test.com,Australia,2023-10-15,Active,116.94,2024-09-25,4.9,Spanish,REF202
888,Jane Smith,,jane.61@test.com,China,2024-03-28,Inactive,198.81,2024-02-12,4.2,English,REF456
889,Tom Brown,,tom.91@example.com,China,2023-05-04,Inactive,182.16,2024-12-14,4.5,French,REF123
890,Sophia Chen,,sophia.17@example.com,UK,2023-04-04,Inactive,,2024-06-04,3.5,French,REF456
891,Maria Lopez,,maria.42@example.com,Germany,2024-06-08,Active,,2025-01-19,3.9,Arabic,REF123
892,John Doe,36,john.80@test.com,USA,2025-12-17,Active,81.69,2024-07-04,4.5,Arabic,REF456
893,Liam Wong,,liam.88@demo.com,USA,2022-04-28,Inactive,101.36,2024-11-13,4.7,Mandarin,REF303
894,Tom Brown,,tom.38@example.com,Germany,2023-02-06,Inactive,,2024-07-05,,German,REF303
895,John Doe,33,john.22@test.com,Egypt,2022-04-20,Active,,2025-12-03,,Arabic,REF456
896,Emily Davis,36,emily.46@test.com,UK,2022-07-05,Active,,2024-01-23,3.6,Mandarin,REF303
897,Maria Lopez,,maria.28@example.com,UK,2025-09-18,Active,,2025-04-25,,Spanish,REF303
898,Jane Smith,32,jane.32@test.com,China,2023-08-05,Active,59.56,2025-07-22,,French,NA
899,Sophia Chen,41,sophia.63@test.com,Egypt,2022-11-07,Active,,2024-09-11,,German,REF789
900,Ahmed Ali,55,ahmed.45@demo.com,Egypt,2024-02-09,Active,99.69,2024-05-02,3.9,Mandarin,REF202
901,Sophia Chen,40,sophia.69@example.com,Egypt,2023-07-03,Inactive,,2024-05-13,4.6,Arabic,NA
902,Emily Davis,47,emily.13@demo.com,China,2025-11-21,Inactive,,2024-12-05,4.6,English,REF202
903,Tom Brown,45,tom.46@demo.com,UK,2025-05-07,Active,52.69,2024-07-03,,English,REF303
904,Tom Brown,52,tom.81@demo.com,Germany,2024-04-05,Active,,2024-04-02,4.1,Mandarin,REF202
905,Jane Smith,,jane.62@demo.com,Australia,2025-11-28,Inactive,86.9,2025-02-09,3.8,German,REF456
906,Jane Smith,33,jane.11@test.com,UK,2025-09-12,Inactive,193.4,2025-09-04,,German,REF789
907,Jane Smith,,jane.65@example.com,Australia,2023-08-20,Active,,2024-08-10,4.4,German,REF303
908,Maria Lopez,40,maria.14@example.com,UK,2022-09-18,Inactive,158.45,2025-11-20,3.6,Arabic,REF456
909,Tom Brown,34,tom.3@example.com,Germany,2022-09-06,Active,111.12,2024-02-18,5,French,REF202
910,Sophia Chen,59,sophia.17@example.com,Canada,2022-07-04,Active,74.5,2025-03-12,3.7,English,REF202
911,Tom Brown,32,tom.6@test.com,USA,2025-10-13,Active,117.65,2025-08-08,3.9,Arabic,REF303
912,Tom Brown,43,tom.3@example.com,Germany,2024-01-21,Inactive,,2024-10-23,4.4,Mandarin,REF101
913,Emily Davis,,emily.27@test.com,Egypt,2022-05-27,Active,177.26,2024-11-06,3.6,Mandarin,REF789
914,Tom Brown,,tom.33@test.com,UK,2022-11-19,Inactive,159.14,2025-10-03,4.2,German,REF123
915,John Doe,,john.80@demo.com,Mexico,2022-11-09,Active,,2024-07-14,5,English,REF202
916,Ahmed Ali,,ahmed.24@example.com,UK,2022-08-07,Inactive,124.12,2025-06-21,3.7,German,NA
917,Ahmed Ali,,ahmed.39@example.com,UK,2025-12-24,Inactive,,2024-07-16,4.5,English,REF101
918,Ahmed Ali,21,ahmed.37@demo.com,Mexico,2023-12-11,Active,127.32,2025-10-09,,English,REF789
919,John Doe,,john.84@example.com,Mexico,2025-02-16,Active,102.02,2024-08-07,,English,NA
920,Ahmed Ali,57,ahmed.75@demo.com,Australia,2025-04-11,Inactive,98.42,2024-07-22,3.8,Spanish,REF303
921,Jane Smith,,jane.15@example.com,Mexico,2023-07-11,Active,51.76,2025-04-07,,English,NA
922,Emily Davis,,emily.8@test.com,Mexico,2023-12-20,Inactive,116.04,2025-03-18,,French,REF202
923,Ahmed Ali,,ahmed.76@test.com,UK,2025-09-07,Active,,2025-09-27,4.3,Arabic,REF789
924,John Doe,51,john.12@test.com,Mexico,2023-08-05,Active,57.95,2024-06-01,,French,REF789
925,Jane Smith,57,jane.12@demo.com,Egypt,2022-11-04,Active,,2025-12-02,3.6,French,REF456
926,Sophia Chen,,sophia.85@demo.com,USA,2023-10-24,Active,199.74,2025-11-13,3.6,Arabic,REF789
927,Ahmed Ali,,ahmed.41@demo.com,China,2023-12-09,Active,148.12,2025-11-10,,Mandarin,REF101
928,Liam Wong,,liam.79@demo.com,Canada,2025-07-25,Inactive,83.86,2025-08-19,,German,REF101
929,Maria Lopez,,maria.88@demo.com,UK,2024-10-13,Inactive,71.11,2024-04-06,,Mandarin,REF789
930,Jane Smith,,jane.31@test.com,Egypt,2023-02-03,Active,133.56,2025-06-04,4.9,French,REF123
931,Tom Brown,20,tom.1@example.com,China,2023-02-19,Active,,2024-08-16,4.7,French,REF303
932,Emily Davis,30,emily.27@example.com,Egypt,2025-03-25,Inactive,62.81,2024-04-22,,Mandarin,REF303
933,Ahmed Ali,,ahmed.7@example.com,Mexico,2025-06-15,Active,137.27,2025-03-25,,Arabic,REF456
934,Maria Lopez,57,maria.27@example.com,China,2025-02-18,Active,61.78,2024-09-25,,Mandarin,REF303
935,Tom Brown,,tom.23@test.com,UK,2025-03-06,Active,168.86,2025-12-25,3.9,Mandarin,REF456
936,Liam Wong,,liam.100@demo.com,Australia,2023-04-28,Active,53.25,2024-05-16,4.4,German,REF123
937,John Doe,,john.19@demo.com,Egypt,2023-11-19,Active,,2025-04-24,,German,REF789
938,Jane Smith,39,jane.9@example.com,Canada,2022-02-26,Inactive,,2025-10-15,4.2,French,NA
939,Liam Wong,34,liam.50@example.com,China,2024-06-07,Inactive,,2024-06-17,,Arabic,REF456
940,Ahmed Ali,,ahmed.73@test.com,Australia,2023-11-11,Inactive,67.01,2024-03-11,4.4,Mandarin,REF789
941,Sophia Chen,,sophia.10@example.com,Egypt,2024-11-25,Active,,2024-07-22,,Spanish,REF456
942,John Doe,,john.78@demo.com,UK,2024-08-03,Inactive,190.19,2025-08-26,5,German,REF123
943,Tom Brown,,tom.29@example.com,UK,2023-10-23,Active,,2025-07-16,,Mandarin,REF303
944,Emily Davis,,emily.77@demo.com,Germany,2025-03-06,Inactive,136.62,2024-11-09,4.8,Mandarin,REF202
945,John Doe,51,john.72@demo.com,UK,2025-12-02,Inactive,,2025-11-06,,Spanish,REF456
946,Liam Wong,,liam.12@example.com,Egypt,2025-08-02,Inactive,,2025-06-14,4.5,English,NA
947,Sophia Chen,,sophia.42@demo.com,Mexico,2025-07-20,Inactive,,2025-04-23,3.9,Spanish,REF123
948,Maria Lopez,20,maria.34@test.com,Egypt,2024-10-19,Active,63.35,2024-08-02,4,Arabic,REF456
949,Jane Smith,,jane.22@example.com,Canada,2023-11-10,Active,,2024-09-13,,Arabic,REF789
950,John Doe,59,john.44@example.com,Australia,2022-08-05,Active,79.92,2024-07-14,3.8,Spanish,NA
951,Tom Brown,20,tom.61@test.com,China,2022-10-14,Inactive,,2024-04-22,4.5,Spanish,REF303
952,Ahmed Ali,,ahmed.10@test.com,Canada,2022-06-18,Active,,2024-02-24,4.1,Arabic,NA
953,Sophia Chen,,sophia.1@demo.com,Germany,2025-05-24,Active,174.68,2024-01-06,,Spanish,REF101
954,Sophia Chen,,sophia.70@example.com,Mexico,2024-03-18,Inactive,,2024-11-08,,German,REF123
955,Liam Wong,59,liam.59@example.com,Germany,2025-01-12,Active,,2025-09-24,4.3,Arabic,NA
956,Ahmed Ali,56,ahmed.60@demo.com,China,2024-02-12,Active,186.64,2025-11-25,4.2,German,REF456
957,Tom Brown,,tom.28@test.com,China,2023-02-24,Active,132.81,2025-02-04,4,French,NA
958,John Doe,44,john.20@example.com,Egypt,2025-06-12,Active,,2025-03-16,,Arabic,REF456
959,Ahmed Ali,36,ahmed.34@demo.com,Germany,2024-10-26,Inactive,,2024-06-03,5,Mandarin,REF101
960,Jane Smith,,jane.51@demo.com,Canada,2023-11-08,Active,,2025-03-01,,German,NA
961,Ahmed Ali,21,ahmed.75@demo.com,USA,2024-02-12,Active,,2025-03-17,4.7,Arabic,REF101
962,Emily Davis,37,emily.20@example.com,Canada,2023-08-03,Active,,2025-01-21,5,English,REF101
963,Jane Smith,22,jane.49@demo.com,Egypt,2023-08-23,Active,62.9,2024-04-07,3.7,Mandarin,REF202
964,John Doe,43,john.8@demo.com,Germany,2025-08-01,Inactive,121.83,2024-11-13,3.7,French,NA
965,Maria Lopez,,maria.3@test.com,Egypt,2025-05-27,Active,,2024-12-25,,German,REF202
966,Maria Lopez,,maria.67@test.com,UK,2023-12-06,Active,147.05,2025-12-22,,Spanish,REF456
967,Emily Davis,,emily.38@test.com,China,2024-09-19,Inactive,157.16,2025-12-26,,Arabic,REF123
968,John Doe,39,john.38@demo.com,Australia,2025-10-18,Inactive,143.54,2025-11-12,,Spanish,REF123
969,John Doe,23,john.85@demo.com,Egypt,2025-10-21,Inactive,,2025-02-14,3.7,German,REF123
970,Tom Brown,,tom.88@demo.com,Canada,2024-02-06,Inactive,91.33,2025-05-09,,Spanish,REF123
971,Sophia Chen,40,sophia.31@test.com,China,2024-05-15,Active,,2025-09-05,,Mandarin,REF303
972,John Doe,50,john.35@example.com,China,2024-01-18,Active,81.55,2024-03-02,4.2,Mandarin,REF303
973,Tom Brown,,tom.63@test.com,China,2022-04-04,Inactive,,2025-09-20,4.8,French,NA
974,Sophia Chen,,sophia.83@demo.com,Australia,2025-03-11,Active,91.48,2025-11-26,4,French,REF101
975,Emily Davis,,emily.78@demo.com,Australia,2022-02-26,Active,,2025-06-10,,English,REF202
976,Tom Brown,60,tom.44@example.com,Australia,2022-04-11,Inactive,,2024-01-06,3.9,Spanish,REF202
977,Maria Lopez,55,maria.14@example.com,China,2024-03-02,Inactive,57.91,2025-01-05,4,English,REF202
978,Tom Brown,,tom.59@test.com,Germany,2023-08-08,Active,,2024-10-25,4.4,French,REF789
979,Emily Davis,51,emily.38@test.com,Egypt,2023-06-19,Inactive,,2024-08-11,4.4,Mandarin,REF789
980,Sophia Chen,,sophia.10@demo.com,China,2024-01-18,Active,,2024-07-28,4.2,Arabic,REF456
981,Jane Smith,,jane.70@example.com,USA,2024-07-21,Inactive,77.75,2025-06-17,3.5,French,REF303
982,Jane Smith,43,jane.87@demo.com,Germany,2022-04-04,Inactive,53.71,2025-04-05,,Arabic,REF101
983,John Doe,43,john.84@demo.com,China,2024-06-08,Active,143.67,2025-01-12,,French,NA
984,Emily Davis,41,emily.69@test.com,Australia,2022-10-28,Inactive,120.78,2024-01-04,4.4,Mandarin,REF303
985,Emily Davis,33,emily.66@demo.com,Mexico,2025-11-25,Active,,2024-11-24,,German,REF303
986,Maria Lopez,35,maria.64@test.com,China,2022-01-22,Inactive,79.55,2025-09-12,4.2,English,REF789
987,Emily Davis,,emily.42@test.com,Mexico,2025-06-26,Active,,2025-04-09,,Arabic,REF456
988,Maria Lopez,47,maria.66@example.com,Egypt,2025-12-08,Inactive,,2024-01-26,3.9,German,NA
989,Emily Davis,,emily.6@demo.com,Mexico,2023-06-05,Inactive,166.61,2024-04-12,,Arabic,REF123
990,Maria Lopez,,maria.95@example.com,Mexico,2025-09-25,Active,,2025-02-23,,Mandarin,REF101
991,Sophia Chen,31,sophia.85@test.com,Canada,2023-07-03,Inactive,,2025-01-20,,Spanish,REF303
992,Maria Lopez,54,maria.83@test.com,Egypt,2025-01-16,Inactive,124.16,2024-01-05,4.6,German,REF456
993,Tom Brown,49,tom.15@demo.com,China,2024-01-22,Inactive,105.85,2025-05-27,3.7,English,REF202
994,John Doe,40,john.17@test.com,Mexico,2022-08-10,Inactive,80.81,2025-07-17,,Spanish,NA
995,Emily Davis,,emily.99@example.com,Mexico,2024-01-01,Active,70,2024-02-08,4.9,Spanish,REF303
996,John Doe,,john.78@example.com,UK,2024-11-27,Inactive,,2024-06-23,3.7,Arabic,REF789
997,Tom Brown,22,tom.83@example.com,Australia,2025-09-03,Active,182.25,2025-11-16,4.7,Mandarin,REF123
998,Sophia Chen,58,sophia.97@example.com,Germany,2024-12-04,Active,,2025-07-16,,German,REF202
999,Tom Brown,,tom.45@test.com,Australia,2024-05-12,Inactive,104.23,2024-11-15,,Spanish,REF101
1000,John Doe,51,john.87@example.com,Australia,2025-02-16,Inactive,,2024-03-06,3.9,English,REF789
1001,Emily Davis,24,emily.178@test.com,Germany,2022-06-22,Active,197.04,2024-03-06,4.9,Mandarin,REF789
1002,Liam Wong,51,liam.120@test.com,Germany,2023-01-27,Inactive,109.78,2025-02-19,3.6,Arabic,REF789
1003,Liam Wong,37,liam.120@example.com,Germany,2024-08-17,Active,60.43,2025-01-03,4.3,Mandarin,REF123
1004,Ahmed Ali,25,ahmed.145@demo.com,USA,2022-07-11,Inactive,118.67,2024-07-02,4.7,Arabic,REF101
1005,John Doe,33,john.192@test.com,China,2022-02-26,Active,165.48,2024-11-22,4.3,English,NA
1006,Liam Wong,31,liam.155@demo.com,Germany,2025-05-28,Active,63.75,2024-01-06,4.1,German,REF789
1007,Sophia Chen,46,sophia.126@test.com,Mexico,2025-08-18,Active,99.38,2025-06-06,4.5,Mandarin,NA
1008,Emily Davis,50,emily.199@test.com,Canada,2024-12-06,Inactive,118.07,2024-11-10,4.1,Arabic,NA
1009,Maria Lopez,24,maria.133@demo.com,Mexico,2024-10-24,Active,120.05,2025-12-21,4.9,French,REF123
1010,Jane Smith,31,jane.153@test.com,UK,2023-04-15,Inactive,109.07,2024-09-26,4.3,French,REF303
1011,,,,,,,,,,,
